,feature,importance,fold
0,ACTIVE_AMT_ANNUITY_MAX,76,1
1,ACTIVE_AMT_ANNUITY_MEAN,91,1
2,ACTIVE_AMT_CREDIT_MAX_OVERDUE_MEAN,264,1
3,ACTIVE_AMT_CREDIT_SUM_DEBT_MEAN,310,1
4,ACTIVE_AMT_CREDIT_SUM_DEBT_SUM,258,1
5,ACTIVE_AMT_CREDIT_SUM_LIMIT_MEAN,197,1
6,ACTIVE_AMT_CREDIT_SUM_LIMIT_SUM,110,1
7,ACTIVE_AMT_CREDIT_SUM_MEAN,294,1
8,ACTIVE_AMT_CREDIT_SUM_SUM,435,1
9,ACTIVE_DAYS_CREDIT_ENDDATE_MEAN,493,1
10,ACTIVE_DAYS_CREDIT_MEAN,506,1
11,ACTIVE_DAYS_CREDIT_UPDATE_MEAN,292,1
12,ACTIVE_DAYS_CREDIT_VAR,357,1
13,ACTIVE_MONTHS_BALANCE_MIN_MIN,90,1
14,ACTIVE_MONTHS_BALANCE_SIZE_MEAN,164,1
15,ACTIVE_MONTHS_BALANCE_SIZE_SUM,98,1
16,AMT_ANNUITY,528,1
17,AMT_CREDIT,303,1
18,AMT_GOODS_PRICE,303,1
19,AMT_INCOME_TOTAL,204,1
20,AMT_REQ_CREDIT_BUREAU_QRT,76,1
21,AMT_REQ_CREDIT_BUREAU_YEAR,65,1
22,APARTMENTS_AVG,109,1
23,APARTMENTS_MEDI,65,1
24,APARTMENTS_MODE,81,1
25,APPROVED_AMT_ANNUITY_MAX,143,1
26,APPROVED_AMT_ANNUITY_MEAN,288,1
27,APPROVED_AMT_APPLICATION_MAX,77,1
28,APPROVED_AMT_APPLICATION_MEAN,104,1
29,APPROVED_AMT_CREDIT_MAX,202,1
30,APPROVED_AMT_CREDIT_MEAN,106,1
31,APPROVED_AMT_DOWN_PAYMENT_MAX,193,1
32,APPROVED_AMT_DOWN_PAYMENT_MEAN,141,1
33,APPROVED_AMT_GOODS_PRICE_MAX,51,1
34,APPROVED_AMT_GOODS_PRICE_MEAN,97,1
35,APPROVED_APP_CREDIT_PERC_MAX,142,1
36,APPROVED_APP_CREDIT_PERC_MEAN,226,1
37,APPROVED_CNT_PAYMENT_MEAN,433,1
38,APPROVED_CNT_PAYMENT_SUM,289,1
39,APPROVED_DAYS_DECISION_MAX,354,1
40,APPROVED_DAYS_DECISION_MEAN,212,1
41,APPROVED_HOUR_APPR_PROCESS_START_MAX,96,1
42,APPROVED_HOUR_APPR_PROCESS_START_MEAN,167,1
43,APPROVED_RATE_DOWN_PAYMENT_MAX,106,1
44,APPROVED_RATE_DOWN_PAYMENT_MEAN,170,1
45,BASEMENTAREA_AVG,51,1
46,BASEMENTAREA_MEDI,52,1
47,BASEMENTAREA_MODE,54,1
48,BURO_AMT_ANNUITY_MAX,67,1
49,BURO_AMT_ANNUITY_MEAN,71,1
50,BURO_AMT_CREDIT_MAX_OVERDUE_MEAN,351,1
51,BURO_AMT_CREDIT_SUM_DEBT_MEAN,322,1
52,BURO_AMT_CREDIT_SUM_DEBT_SUM,171,1
53,BURO_AMT_CREDIT_SUM_LIMIT_MEAN,154,1
54,BURO_AMT_CREDIT_SUM_LIMIT_SUM,70,1
55,BURO_AMT_CREDIT_SUM_MEAN,345,1
56,BURO_AMT_CREDIT_SUM_OVERDUE_MEAN,79,1
57,BURO_AMT_CREDIT_SUM_SUM,283,1
58,BURO_CREDIT_ACTIVE_Active_MEAN,103,1
59,BURO_CREDIT_ACTIVE_Closed_MEAN,103,1
60,BURO_CREDIT_TYPE_Car loan_MEAN,88,1
61,BURO_CREDIT_TYPE_Consumer credit_MEAN,137,1
62,BURO_CREDIT_TYPE_Credit card_MEAN,154,1
63,BURO_CREDIT_TYPE_Microloan_MEAN,118,1
64,BURO_CREDIT_TYPE_Mortgage_MEAN,91,1
65,BURO_DAYS_CREDIT_ENDDATE_MEAN,362,1
66,BURO_DAYS_CREDIT_MEAN,287,1
67,BURO_DAYS_CREDIT_UPDATE_MEAN,232,1
68,BURO_DAYS_CREDIT_VAR,299,1
69,BURO_MONTHS_BALANCE_MIN_MIN,81,1
70,BURO_MONTHS_BALANCE_SIZE_MEAN,108,1
71,BURO_MONTHS_BALANCE_SIZE_SUM,96,1
72,BURO_STATUS_0_MEAN_MEAN,206,1
73,BURO_STATUS_1_MEAN_MEAN,89,1
74,BURO_STATUS_C_MEAN_MEAN,101,1
75,BURO_STATUS_X_MEAN_MEAN,125,1
76,CC_AMT_BALANCE_MAX,106,1
77,CC_AMT_BALANCE_MEAN,88,1
78,CC_AMT_CREDIT_LIMIT_ACTUAL_MEAN,157,1
79,CC_AMT_CREDIT_LIMIT_ACTUAL_SUM,89,1
80,CC_AMT_CREDIT_LIMIT_ACTUAL_VAR,108,1
81,CC_AMT_DRAWINGS_ATM_CURRENT_MAX,57,1
82,CC_AMT_DRAWINGS_ATM_CURRENT_MEAN,79,1
83,CC_AMT_DRAWINGS_ATM_CURRENT_SUM,65,1
84,CC_AMT_DRAWINGS_ATM_CURRENT_VAR,89,1
85,CC_AMT_DRAWINGS_CURRENT_MAX,40,1
86,CC_AMT_DRAWINGS_CURRENT_SUM,93,1
87,CC_AMT_DRAWINGS_POS_CURRENT_SUM,76,1
88,CC_AMT_DRAWINGS_POS_CURRENT_VAR,77,1
89,CC_AMT_INST_MIN_REGULARITY_SUM,72,1
90,CC_AMT_INST_MIN_REGULARITY_VAR,74,1
91,CC_AMT_PAYMENT_CURRENT_MAX,83,1
92,CC_AMT_PAYMENT_CURRENT_MEAN,149,1
93,CC_AMT_PAYMENT_CURRENT_SUM,99,1
94,CC_AMT_PAYMENT_CURRENT_VAR,81,1
95,CC_AMT_PAYMENT_TOTAL_CURRENT_MEAN,131,1
96,CC_AMT_PAYMENT_TOTAL_CURRENT_SUM,40,1
97,CC_AMT_PAYMENT_TOTAL_CURRENT_VAR,45,1
98,CC_AMT_RECEIVABLE_PRINCIPAL_MEAN,89,1
99,CC_CNT_DRAWINGS_ATM_CURRENT_MEAN,164,1
100,CC_CNT_DRAWINGS_ATM_CURRENT_SUM,73,1
101,CC_CNT_DRAWINGS_ATM_CURRENT_VAR,165,1
102,CC_CNT_DRAWINGS_CURRENT_MAX,37,1
103,CC_CNT_DRAWINGS_CURRENT_MEAN,136,1
104,CC_CNT_DRAWINGS_CURRENT_SUM,70,1
105,CC_CNT_DRAWINGS_CURRENT_VAR,144,1
106,CC_CNT_DRAWINGS_POS_CURRENT_MAX,38,1
107,CC_CNT_DRAWINGS_POS_CURRENT_MEAN,64,1
108,CC_SK_DPD_DEF_MEAN,68,1
109,CLOSED_AMT_ANNUITY_MAX,83,1
110,CLOSED_AMT_ANNUITY_MEAN,79,1
111,CLOSED_AMT_CREDIT_MAX_OVERDUE_MEAN,220,1
112,CLOSED_AMT_CREDIT_SUM_DEBT_MEAN,48,1
113,CLOSED_AMT_CREDIT_SUM_MEAN,329,1
114,CLOSED_AMT_CREDIT_SUM_SUM,325,1
115,CLOSED_DAYS_CREDIT_ENDDATE_MEAN,311,1
116,CLOSED_DAYS_CREDIT_MEAN,314,1
117,CLOSED_DAYS_CREDIT_UPDATE_MEAN,282,1
118,CLOSED_DAYS_CREDIT_VAR,364,1
119,CLOSED_MONTHS_BALANCE_MIN_MIN,49,1
120,CLOSED_MONTHS_BALANCE_SIZE_MEAN,123,1
121,CLOSED_MONTHS_BALANCE_SIZE_SUM,105,1
122,CODE_GENDER,221,1
123,COMMONAREA_AVG,85,1
124,COMMONAREA_MEDI,60,1
125,COMMONAREA_MODE,60,1
126,DAYS_BIRTH,851,1
127,DAYS_EMPLOYED,542,1
128,DAYS_ID_PUBLISH,510,1
129,DAYS_LAST_PHONE_CHANGE,213,1
130,DAYS_REGISTRATION,471,1
131,DEF_30_CNT_SOCIAL_CIRCLE,87,1
132,DEF_60_CNT_SOCIAL_CIRCLE,67,1
133,EXT_SOURCE_1,559,1
134,EXT_SOURCE_2,677,1
135,EXT_SOURCE_3,743,1
136,FLAG_DOCUMENT_3,55,1
137,FLAG_PHONE,24,1
138,FLAG_WORK_PHONE,102,1
139,HOUR_APPR_PROCESS_START,168,1
140,INSTAL_AMT_INSTALMENT_MAX,164,1
141,INSTAL_AMT_INSTALMENT_MEAN,161,1
142,INSTAL_AMT_INSTALMENT_MIN,340,1
143,INSTAL_AMT_INSTALMENT_STD,166,1
144,INSTAL_AMT_INSTALMENT_SUM,136,1
145,INSTAL_AMT_PAYMENT_MAX,141,1
146,INSTAL_AMT_PAYMENT_MEAN,252,1
147,INSTAL_AMT_PAYMENT_MIN,265,1
148,INSTAL_AMT_PAYMENT_STD,209,1
149,INSTAL_AMT_PAYMENT_SUM,373,1
150,INSTAL_COUNT,150,1
151,INSTAL_DAYS_ENTRY_PAYMENT_MAX,458,1
152,INSTAL_DAYS_ENTRY_PAYMENT_MEAN,256,1
153,INSTAL_DAYS_ENTRY_PAYMENT_STD,314,1
154,INSTAL_DAYS_ENTRY_PAYMENT_SUM,247,1
155,INSTAL_DBD_MAX,178,1
156,INSTAL_DBD_MEAN,320,1
157,INSTAL_DBD_MIN,127,1
158,INSTAL_DBD_STD,378,1
159,INSTAL_DBD_SUM,349,1
160,INSTAL_DPD_MAX,79,1
161,INSTAL_DPD_MEAN,324,1
162,INSTAL_DPD_STD,208,1
163,INSTAL_DPD_SUM,108,1
164,INSTAL_NUM_INSTALMENT_VERSION_NUNIQUE,67,1
165,INSTAL_PAYMENT_DIFF_MAX,256,1
166,INSTAL_PAYMENT_DIFF_MEAN,218,1
167,INSTAL_PAYMENT_DIFF_STD,141,1
168,INSTAL_PAYMENT_PERC_MEAN,242,1
169,INSTAL_PAYMENT_PERC_MIN,172,1
170,INSTAL_PAYMENT_PERC_STD,158,1
171,LANDAREA_AVG,95,1
172,LANDAREA_MEDI,66,1
173,LANDAREA_MODE,100,1
174,LIVINGAPARTMENTS_AVG,80,1
175,LIVINGAPARTMENTS_MODE,64,1
176,LIVINGAREA_AVG,72,1
177,LIVINGAREA_MEDI,72,1
178,LIVINGAREA_MODE,90,1
179,NAME_EDUCATION_TYPE_Higher education,95,1
180,NAME_EDUCATION_TYPE_Secondary / secondary special,49,1
181,NAME_FAMILY_STATUS_Married,156,1
182,NEW_ANNUITY_TO_INCOME_RATIO,466,1
183,NEW_CAR_TO_BIRTH_RATIO,208,1
184,NEW_CAR_TO_EMPLOY_RATIO,220,1
185,NEW_CREDIT_TO_ANNUITY_RATIO,1321,1
186,NEW_CREDIT_TO_GOODS_RATIO,522,1
187,NEW_CREDIT_TO_INCOME_RATIO,335,1
188,NEW_DOC_IND_KURT,97,1
189,NEW_EMPLOY_TO_BIRTH_RATIO,462,1
190,NEW_EXT_SOURCES_MEAN,860,1
191,NEW_INC_BY_ORG,151,1
192,NEW_INC_PER_CHLD,235,1
193,NEW_PHONE_TO_BIRTH_RATIO,248,1
194,NEW_PHONE_TO_BIRTH_RATIO_EMPLOYER,458,1
195,NEW_SCORES_STD,381,1
196,NEW_SOURCES_PROD,360,1
197,NONLIVINGAPARTMENTS_AVG,70,1
198,NONLIVINGAREA_AVG,66,1
199,NONLIVINGAREA_MEDI,42,1
200,NONLIVINGAREA_MODE,74,1
201,OBS_30_CNT_SOCIAL_CIRCLE,92,1
202,OBS_60_CNT_SOCIAL_CIRCLE,66,1
203,ORGANIZATION_TYPE_Business Entity Type 3,56,1
204,ORGANIZATION_TYPE_Construction,55,1
205,ORGANIZATION_TYPE_Self-employed,79,1
206,OWN_CAR_AGE,157,1
207,POS_COUNT,284,1
208,POS_MONTHS_BALANCE_MAX,189,1
209,POS_MONTHS_BALANCE_MEAN,291,1
210,POS_NAME_CONTRACT_STATUS_Active_MEAN,271,1
211,POS_NAME_CONTRACT_STATUS_Completed_MEAN,245,1
212,POS_NAME_CONTRACT_STATUS_Signed_MEAN,66,1
213,POS_SK_DPD_DEF_MAX,75,1
214,POS_SK_DPD_DEF_MEAN,149,1
215,POS_SK_DPD_MAX,45,1
216,POS_SK_DPD_MEAN,134,1
217,PREV_AMT_ANNUITY_MAX,213,1
218,PREV_AMT_ANNUITY_MEAN,265,1
219,PREV_AMT_APPLICATION_MAX,64,1
220,PREV_AMT_APPLICATION_MEAN,129,1
221,PREV_AMT_CREDIT_MAX,142,1
222,PREV_AMT_CREDIT_MEAN,116,1
223,PREV_AMT_DOWN_PAYMENT_MAX,149,1
224,PREV_AMT_DOWN_PAYMENT_MEAN,178,1
225,PREV_AMT_GOODS_PRICE_MAX,62,1
226,PREV_AMT_GOODS_PRICE_MEAN,117,1
227,PREV_APP_CREDIT_PERC_MAX,167,1
228,PREV_APP_CREDIT_PERC_MEAN,359,1
229,PREV_CHANNEL_TYPE_AP+ (Cash loan)_MEAN,61,1
230,PREV_CHANNEL_TYPE_Channel of corporate sales_MEAN,49,1
231,PREV_CHANNEL_TYPE_Contact center_MEAN,92,1
232,PREV_CHANNEL_TYPE_Country-wide_MEAN,120,1
233,PREV_CHANNEL_TYPE_Credit and cash offices_MEAN,128,1
234,PREV_CHANNEL_TYPE_Regional / Local_MEAN,52,1
235,PREV_CHANNEL_TYPE_Stone_MEAN,100,1
236,PREV_CNT_PAYMENT_MEAN,382,1
237,PREV_CNT_PAYMENT_SUM,153,1
238,PREV_CODE_REJECT_REASON_HC_MEAN,72,1
239,PREV_CODE_REJECT_REASON_LIMIT_MEAN,31,1
240,PREV_CODE_REJECT_REASON_SCO_MEAN,93,1
241,PREV_CODE_REJECT_REASON_XAP_MEAN,64,1
242,PREV_DAYS_DECISION_MAX,322,1
243,PREV_DAYS_DECISION_MEAN,189,1
244,PREV_HOUR_APPR_PROCESS_START_MAX,120,1
245,PREV_HOUR_APPR_PROCESS_START_MEAN,306,1
246,PREV_NAME_CASH_LOAN_PURPOSE_XAP_MEAN,65,1
247,PREV_NAME_CASH_LOAN_PURPOSE_XNA_MEAN,89,1
248,PREV_NAME_CLIENT_TYPE_New_MEAN,130,1
249,PREV_NAME_CLIENT_TYPE_Refreshed_MEAN,75,1
250,PREV_NAME_CLIENT_TYPE_Repeater_MEAN,103,1
251,PREV_NAME_CONTRACT_STATUS_Approved_MEAN,110,1
252,PREV_NAME_CONTRACT_STATUS_Canceled_MEAN,73,1
253,PREV_NAME_CONTRACT_STATUS_Refused_MEAN,169,1
254,PREV_NAME_CONTRACT_TYPE_Revolving loans_MEAN,74,1
255,PREV_NAME_GOODS_CATEGORY_Audio/Video_MEAN,47,1
256,PREV_NAME_GOODS_CATEGORY_Computers_MEAN,51,1
257,PREV_NAME_GOODS_CATEGORY_Consumer Electronics_MEAN,78,1
258,PREV_NAME_GOODS_CATEGORY_Furniture_MEAN,62,1
259,PREV_NAME_GOODS_CATEGORY_Mobile_MEAN,100,1
260,PREV_NAME_GOODS_CATEGORY_XNA_MEAN,47,1
261,PREV_NAME_PAYMENT_TYPE_Cash through the bank_MEAN,75,1
262,PREV_NAME_PAYMENT_TYPE_XNA_MEAN,126,1
263,PREV_NAME_PORTFOLIO_Cards_MEAN,56,1
264,PREV_NAME_PORTFOLIO_Cash_MEAN,83,1
265,PREV_NAME_PORTFOLIO_POS_MEAN,63,1
266,PREV_NAME_PORTFOLIO_XNA_MEAN,74,1
267,PREV_NAME_PRODUCT_TYPE_XNA_MEAN,73,1
268,PREV_NAME_PRODUCT_TYPE_walk-in_MEAN,85,1
269,PREV_NAME_PRODUCT_TYPE_x-sell_MEAN,99,1
270,PREV_NAME_SELLER_INDUSTRY_Connectivity_MEAN,113,1
271,PREV_NAME_SELLER_INDUSTRY_Consumer electronics_MEAN,113,1
272,PREV_NAME_SELLER_INDUSTRY_XNA_MEAN,54,1
273,PREV_NAME_TYPE_SUITE_Family_MEAN,99,1
274,"PREV_NAME_TYPE_SUITE_Spouse, partner_MEAN",50,1
275,PREV_NAME_TYPE_SUITE_Unaccompanied_MEAN,230,1
276,PREV_NAME_TYPE_SUITE_nan_MEAN,184,1
277,PREV_NAME_YIELD_GROUP_XNA_MEAN,103,1
278,PREV_NAME_YIELD_GROUP_high_MEAN,205,1
279,PREV_NAME_YIELD_GROUP_low_action_MEAN,114,1
280,PREV_NAME_YIELD_GROUP_low_normal_MEAN,116,1
281,PREV_NAME_YIELD_GROUP_middle_MEAN,149,1
282,PREV_PRODUCT_COMBINATION_Card Street_MEAN,56,1
283,PREV_PRODUCT_COMBINATION_Card X-Sell_MEAN,42,1
284,PREV_PRODUCT_COMBINATION_Cash Street: high_MEAN,36,1
285,PREV_PRODUCT_COMBINATION_Cash Street: low_MEAN,91,1
286,PREV_PRODUCT_COMBINATION_Cash Street: middle_MEAN,54,1
287,PREV_PRODUCT_COMBINATION_Cash X-Sell: high_MEAN,140,1
288,PREV_PRODUCT_COMBINATION_Cash X-Sell: low_MEAN,93,1
289,PREV_PRODUCT_COMBINATION_Cash X-Sell: middle_MEAN,79,1
290,PREV_PRODUCT_COMBINATION_Cash_MEAN,61,1
291,PREV_PRODUCT_COMBINATION_POS household with interest_MEAN,94,1
292,PREV_PRODUCT_COMBINATION_POS industry with interest_MEAN,74,1
293,PREV_PRODUCT_COMBINATION_POS mobile with interest_MEAN,82,1
294,PREV_RATE_DOWN_PAYMENT_MAX,152,1
295,PREV_RATE_DOWN_PAYMENT_MEAN,156,1
296,PREV_WEEKDAY_APPR_PROCESS_START_FRIDAY_MEAN,135,1
297,PREV_WEEKDAY_APPR_PROCESS_START_MONDAY_MEAN,164,1
298,PREV_WEEKDAY_APPR_PROCESS_START_SATURDAY_MEAN,136,1
299,PREV_WEEKDAY_APPR_PROCESS_START_SUNDAY_MEAN,58,1
300,PREV_WEEKDAY_APPR_PROCESS_START_THURSDAY_MEAN,162,1
301,PREV_WEEKDAY_APPR_PROCESS_START_TUESDAY_MEAN,81,1
302,PREV_WEEKDAY_APPR_PROCESS_START_WEDNESDAY_MEAN,92,1
303,REFUSED_AMT_ANNUITY_MAX,87,1
304,REFUSED_AMT_ANNUITY_MEAN,74,1
305,REFUSED_AMT_APPLICATION_MAX,49,1
306,REFUSED_AMT_APPLICATION_MEAN,71,1
307,REFUSED_AMT_CREDIT_MAX,96,1
308,REFUSED_AMT_CREDIT_MEAN,72,1
309,REFUSED_AMT_GOODS_PRICE_MAX,37,1
310,REFUSED_AMT_GOODS_PRICE_MEAN,66,1
311,REFUSED_APP_CREDIT_PERC_MAX,110,1
312,REFUSED_APP_CREDIT_PERC_MEAN,128,1
313,REFUSED_CNT_PAYMENT_MEAN,75,1
314,REFUSED_CNT_PAYMENT_SUM,79,1
315,REFUSED_DAYS_DECISION_MAX,187,1
316,REFUSED_DAYS_DECISION_MEAN,111,1
317,REFUSED_HOUR_APPR_PROCESS_START_MAX,48,1
318,REFUSED_HOUR_APPR_PROCESS_START_MEAN,114,1
319,REFUSED_RATE_DOWN_PAYMENT_MAX,72,1
320,REGION_POPULATION_RELATIVE,357,1
321,REGION_RATING_CLIENT_W_CITY,148,1
322,REG_CITY_NOT_LIVE_CITY,73,1
323,TOTALAREA_MODE,176,1
324,"WALLSMATERIAL_MODE_Stone, brick",29,1
325,YEARS_BEGINEXPLUATATION_AVG,69,1
326,YEARS_BEGINEXPLUATATION_MEDI,105,1
327,YEARS_BEGINEXPLUATATION_MODE,119,1
328,YEARS_BUILD_AVG,57,1
329,YEARS_BUILD_MODE,60,1
0,ACTIVE_AMT_ANNUITY_MAX,88,2
1,ACTIVE_AMT_ANNUITY_MEAN,62,2
2,ACTIVE_AMT_CREDIT_MAX_OVERDUE_MEAN,261,2
3,ACTIVE_AMT_CREDIT_SUM_DEBT_MEAN,311,2
4,ACTIVE_AMT_CREDIT_SUM_DEBT_SUM,298,2
5,ACTIVE_AMT_CREDIT_SUM_LIMIT_MEAN,240,2
6,ACTIVE_AMT_CREDIT_SUM_LIMIT_SUM,71,2
7,ACTIVE_AMT_CREDIT_SUM_MEAN,365,2
8,ACTIVE_AMT_CREDIT_SUM_SUM,404,2
9,ACTIVE_DAYS_CREDIT_ENDDATE_MEAN,477,2
10,ACTIVE_DAYS_CREDIT_MEAN,524,2
11,ACTIVE_DAYS_CREDIT_UPDATE_MEAN,371,2
12,ACTIVE_DAYS_CREDIT_VAR,384,2
13,ACTIVE_MONTHS_BALANCE_MIN_MIN,96,2
14,ACTIVE_MONTHS_BALANCE_SIZE_MEAN,169,2
15,ACTIVE_MONTHS_BALANCE_SIZE_SUM,131,2
16,AMT_ANNUITY,600,2
17,AMT_CREDIT,350,2
18,AMT_GOODS_PRICE,367,2
19,AMT_INCOME_TOTAL,225,2
20,AMT_REQ_CREDIT_BUREAU_QRT,78,2
21,AMT_REQ_CREDIT_BUREAU_YEAR,92,2
22,APARTMENTS_AVG,67,2
23,APARTMENTS_MEDI,78,2
24,APARTMENTS_MODE,98,2
25,APPROVED_AMT_ANNUITY_MAX,177,2
26,APPROVED_AMT_ANNUITY_MEAN,255,2
27,APPROVED_AMT_APPLICATION_MAX,125,2
28,APPROVED_AMT_APPLICATION_MEAN,99,2
29,APPROVED_AMT_CREDIT_MAX,189,2
30,APPROVED_AMT_CREDIT_MEAN,115,2
31,APPROVED_AMT_DOWN_PAYMENT_MAX,209,2
32,APPROVED_AMT_DOWN_PAYMENT_MEAN,138,2
33,APPROVED_AMT_GOODS_PRICE_MAX,63,2
34,APPROVED_AMT_GOODS_PRICE_MEAN,87,2
35,APPROVED_APP_CREDIT_PERC_MAX,180,2
36,APPROVED_APP_CREDIT_PERC_MEAN,233,2
37,APPROVED_CNT_PAYMENT_MEAN,428,2
38,APPROVED_CNT_PAYMENT_SUM,280,2
39,APPROVED_DAYS_DECISION_MAX,344,2
40,APPROVED_DAYS_DECISION_MEAN,256,2
41,APPROVED_HOUR_APPR_PROCESS_START_MAX,112,2
42,APPROVED_HOUR_APPR_PROCESS_START_MEAN,237,2
43,APPROVED_RATE_DOWN_PAYMENT_MAX,137,2
44,APPROVED_RATE_DOWN_PAYMENT_MEAN,186,2
45,BASEMENTAREA_AVG,110,2
46,BASEMENTAREA_MEDI,61,2
47,BASEMENTAREA_MODE,72,2
48,BURO_AMT_ANNUITY_MAX,91,2
49,BURO_AMT_ANNUITY_MEAN,59,2
50,BURO_AMT_CREDIT_MAX_OVERDUE_MEAN,324,2
51,BURO_AMT_CREDIT_SUM_DEBT_MEAN,315,2
52,BURO_AMT_CREDIT_SUM_DEBT_SUM,217,2
53,BURO_AMT_CREDIT_SUM_LIMIT_MEAN,146,2
54,BURO_AMT_CREDIT_SUM_LIMIT_SUM,70,2
55,BURO_AMT_CREDIT_SUM_MEAN,323,2
56,BURO_AMT_CREDIT_SUM_OVERDUE_MEAN,97,2
57,BURO_AMT_CREDIT_SUM_SUM,319,2
58,BURO_CREDIT_ACTIVE_Active_MEAN,139,2
59,BURO_CREDIT_ACTIVE_Closed_MEAN,93,2
60,BURO_CREDIT_TYPE_Car loan_MEAN,56,2
61,BURO_CREDIT_TYPE_Consumer credit_MEAN,168,2
62,BURO_CREDIT_TYPE_Credit card_MEAN,168,2
63,BURO_CREDIT_TYPE_Microloan_MEAN,112,2
64,BURO_CREDIT_TYPE_Mortgage_MEAN,88,2
65,BURO_DAYS_CREDIT_ENDDATE_MEAN,369,2
66,BURO_DAYS_CREDIT_MEAN,359,2
67,BURO_DAYS_CREDIT_UPDATE_MEAN,226,2
68,BURO_DAYS_CREDIT_VAR,277,2
69,BURO_MONTHS_BALANCE_MIN_MIN,54,2
70,BURO_MONTHS_BALANCE_SIZE_MEAN,69,2
71,BURO_MONTHS_BALANCE_SIZE_SUM,105,2
72,BURO_STATUS_0_MEAN_MEAN,244,2
73,BURO_STATUS_1_MEAN_MEAN,126,2
74,BURO_STATUS_C_MEAN_MEAN,123,2
75,BURO_STATUS_X_MEAN_MEAN,123,2
76,CC_AMT_BALANCE_MAX,102,2
77,CC_AMT_BALANCE_MEAN,104,2
78,CC_AMT_CREDIT_LIMIT_ACTUAL_MEAN,161,2
79,CC_AMT_CREDIT_LIMIT_ACTUAL_SUM,125,2
80,CC_AMT_CREDIT_LIMIT_ACTUAL_VAR,72,2
81,CC_AMT_DRAWINGS_ATM_CURRENT_MAX,63,2
82,CC_AMT_DRAWINGS_ATM_CURRENT_MEAN,94,2
83,CC_AMT_DRAWINGS_ATM_CURRENT_SUM,67,2
84,CC_AMT_DRAWINGS_ATM_CURRENT_VAR,56,2
85,CC_AMT_DRAWINGS_CURRENT_MAX,36,2
86,CC_AMT_DRAWINGS_CURRENT_SUM,70,2
87,CC_AMT_DRAWINGS_POS_CURRENT_SUM,53,2
88,CC_AMT_DRAWINGS_POS_CURRENT_VAR,44,2
89,CC_AMT_INST_MIN_REGULARITY_SUM,64,2
90,CC_AMT_INST_MIN_REGULARITY_VAR,86,2
91,CC_AMT_PAYMENT_CURRENT_MAX,78,2
92,CC_AMT_PAYMENT_CURRENT_MEAN,163,2
93,CC_AMT_PAYMENT_CURRENT_SUM,74,2
94,CC_AMT_PAYMENT_CURRENT_VAR,99,2
95,CC_AMT_PAYMENT_TOTAL_CURRENT_MEAN,77,2
96,CC_AMT_PAYMENT_TOTAL_CURRENT_SUM,48,2
97,CC_AMT_PAYMENT_TOTAL_CURRENT_VAR,55,2
98,CC_AMT_RECEIVABLE_PRINCIPAL_MEAN,92,2
99,CC_CNT_DRAWINGS_ATM_CURRENT_MEAN,171,2
100,CC_CNT_DRAWINGS_ATM_CURRENT_SUM,29,2
101,CC_CNT_DRAWINGS_ATM_CURRENT_VAR,115,2
102,CC_CNT_DRAWINGS_CURRENT_MAX,62,2
103,CC_CNT_DRAWINGS_CURRENT_MEAN,130,2
104,CC_CNT_DRAWINGS_CURRENT_SUM,49,2
105,CC_CNT_DRAWINGS_CURRENT_VAR,152,2
106,CC_CNT_DRAWINGS_POS_CURRENT_MAX,54,2
107,CC_CNT_DRAWINGS_POS_CURRENT_MEAN,48,2
108,CC_SK_DPD_DEF_MEAN,68,2
109,CLOSED_AMT_ANNUITY_MAX,82,2
110,CLOSED_AMT_ANNUITY_MEAN,55,2
111,CLOSED_AMT_CREDIT_MAX_OVERDUE_MEAN,141,2
112,CLOSED_AMT_CREDIT_SUM_DEBT_MEAN,30,2
113,CLOSED_AMT_CREDIT_SUM_MEAN,413,2
114,CLOSED_AMT_CREDIT_SUM_SUM,379,2
115,CLOSED_DAYS_CREDIT_ENDDATE_MEAN,307,2
116,CLOSED_DAYS_CREDIT_MEAN,308,2
117,CLOSED_DAYS_CREDIT_UPDATE_MEAN,280,2
118,CLOSED_DAYS_CREDIT_VAR,441,2
119,CLOSED_MONTHS_BALANCE_MIN_MIN,52,2
120,CLOSED_MONTHS_BALANCE_SIZE_MEAN,128,2
121,CLOSED_MONTHS_BALANCE_SIZE_SUM,124,2
122,CODE_GENDER,214,2
123,COMMONAREA_AVG,75,2
124,COMMONAREA_MEDI,82,2
125,COMMONAREA_MODE,58,2
126,DAYS_BIRTH,915,2
127,DAYS_EMPLOYED,625,2
128,DAYS_ID_PUBLISH,543,2
129,DAYS_LAST_PHONE_CHANGE,222,2
130,DAYS_REGISTRATION,543,2
131,DEF_30_CNT_SOCIAL_CIRCLE,106,2
132,DEF_60_CNT_SOCIAL_CIRCLE,76,2
133,EXT_SOURCE_1,625,2
134,EXT_SOURCE_2,697,2
135,EXT_SOURCE_3,746,2
136,FLAG_DOCUMENT_3,62,2
137,FLAG_PHONE,23,2
138,FLAG_WORK_PHONE,107,2
139,HOUR_APPR_PROCESS_START,190,2
140,INSTAL_AMT_INSTALMENT_MAX,204,2
141,INSTAL_AMT_INSTALMENT_MEAN,142,2
142,INSTAL_AMT_INSTALMENT_MIN,403,2
143,INSTAL_AMT_INSTALMENT_STD,233,2
144,INSTAL_AMT_INSTALMENT_SUM,224,2
145,INSTAL_AMT_PAYMENT_MAX,123,2
146,INSTAL_AMT_PAYMENT_MEAN,243,2
147,INSTAL_AMT_PAYMENT_MIN,320,2
148,INSTAL_AMT_PAYMENT_STD,189,2
149,INSTAL_AMT_PAYMENT_SUM,426,2
150,INSTAL_COUNT,135,2
151,INSTAL_DAYS_ENTRY_PAYMENT_MAX,465,2
152,INSTAL_DAYS_ENTRY_PAYMENT_MEAN,258,2
153,INSTAL_DAYS_ENTRY_PAYMENT_STD,315,2
154,INSTAL_DAYS_ENTRY_PAYMENT_SUM,225,2
155,INSTAL_DBD_MAX,273,2
156,INSTAL_DBD_MEAN,353,2
157,INSTAL_DBD_MIN,121,2
158,INSTAL_DBD_STD,413,2
159,INSTAL_DBD_SUM,415,2
160,INSTAL_DPD_MAX,116,2
161,INSTAL_DPD_MEAN,322,2
162,INSTAL_DPD_STD,198,2
163,INSTAL_DPD_SUM,140,2
164,INSTAL_NUM_INSTALMENT_VERSION_NUNIQUE,73,2
165,INSTAL_PAYMENT_DIFF_MAX,262,2
166,INSTAL_PAYMENT_DIFF_MEAN,256,2
167,INSTAL_PAYMENT_DIFF_STD,166,2
168,INSTAL_PAYMENT_PERC_MEAN,208,2
169,INSTAL_PAYMENT_PERC_MIN,163,2
170,INSTAL_PAYMENT_PERC_STD,172,2
171,LANDAREA_AVG,121,2
172,LANDAREA_MEDI,111,2
173,LANDAREA_MODE,117,2
174,LIVINGAPARTMENTS_AVG,66,2
175,LIVINGAPARTMENTS_MODE,81,2
176,LIVINGAREA_AVG,99,2
177,LIVINGAREA_MEDI,79,2
178,LIVINGAREA_MODE,94,2
179,NAME_EDUCATION_TYPE_Higher education,69,2
180,NAME_EDUCATION_TYPE_Secondary / secondary special,69,2
181,NAME_FAMILY_STATUS_Married,166,2
182,NEW_ANNUITY_TO_INCOME_RATIO,418,2
183,NEW_CAR_TO_BIRTH_RATIO,304,2
184,NEW_CAR_TO_EMPLOY_RATIO,248,2
185,NEW_CREDIT_TO_ANNUITY_RATIO,1363,2
186,NEW_CREDIT_TO_GOODS_RATIO,575,2
187,NEW_CREDIT_TO_INCOME_RATIO,379,2
188,NEW_DOC_IND_KURT,103,2
189,NEW_EMPLOY_TO_BIRTH_RATIO,495,2
190,NEW_EXT_SOURCES_MEAN,878,2
191,NEW_INC_BY_ORG,131,2
192,NEW_INC_PER_CHLD,242,2
193,NEW_PHONE_TO_BIRTH_RATIO,315,2
194,NEW_PHONE_TO_BIRTH_RATIO_EMPLOYER,428,2
195,NEW_SCORES_STD,330,2
196,NEW_SOURCES_PROD,349,2
197,NONLIVINGAPARTMENTS_AVG,73,2
198,NONLIVINGAREA_AVG,82,2
199,NONLIVINGAREA_MEDI,65,2
200,NONLIVINGAREA_MODE,109,2
201,OBS_30_CNT_SOCIAL_CIRCLE,64,2
202,OBS_60_CNT_SOCIAL_CIRCLE,46,2
203,ORGANIZATION_TYPE_Business Entity Type 3,62,2
204,ORGANIZATION_TYPE_Construction,51,2
205,ORGANIZATION_TYPE_Self-employed,65,2
206,OWN_CAR_AGE,154,2
207,POS_COUNT,317,2
208,POS_MONTHS_BALANCE_MAX,230,2
209,POS_MONTHS_BALANCE_MEAN,239,2
210,POS_NAME_CONTRACT_STATUS_Active_MEAN,264,2
211,POS_NAME_CONTRACT_STATUS_Completed_MEAN,213,2
212,POS_NAME_CONTRACT_STATUS_Signed_MEAN,54,2
213,POS_SK_DPD_DEF_MAX,57,2
214,POS_SK_DPD_DEF_MEAN,142,2
215,POS_SK_DPD_MAX,108,2
216,POS_SK_DPD_MEAN,85,2
217,PREV_AMT_ANNUITY_MAX,127,2
218,PREV_AMT_ANNUITY_MEAN,271,2
219,PREV_AMT_APPLICATION_MAX,110,2
220,PREV_AMT_APPLICATION_MEAN,130,2
221,PREV_AMT_CREDIT_MAX,123,2
222,PREV_AMT_CREDIT_MEAN,215,2
223,PREV_AMT_DOWN_PAYMENT_MAX,198,2
224,PREV_AMT_DOWN_PAYMENT_MEAN,166,2
225,PREV_AMT_GOODS_PRICE_MAX,72,2
226,PREV_AMT_GOODS_PRICE_MEAN,133,2
227,PREV_APP_CREDIT_PERC_MAX,171,2
228,PREV_APP_CREDIT_PERC_MEAN,347,2
229,PREV_CHANNEL_TYPE_AP+ (Cash loan)_MEAN,67,2
230,PREV_CHANNEL_TYPE_Channel of corporate sales_MEAN,53,2
231,PREV_CHANNEL_TYPE_Contact center_MEAN,67,2
232,PREV_CHANNEL_TYPE_Country-wide_MEAN,152,2
233,PREV_CHANNEL_TYPE_Credit and cash offices_MEAN,117,2
234,PREV_CHANNEL_TYPE_Regional / Local_MEAN,28,2
235,PREV_CHANNEL_TYPE_Stone_MEAN,105,2
236,PREV_CNT_PAYMENT_MEAN,450,2
237,PREV_CNT_PAYMENT_SUM,162,2
238,PREV_CODE_REJECT_REASON_HC_MEAN,53,2
239,PREV_CODE_REJECT_REASON_LIMIT_MEAN,28,2
240,PREV_CODE_REJECT_REASON_SCO_MEAN,72,2
241,PREV_CODE_REJECT_REASON_XAP_MEAN,76,2
242,PREV_DAYS_DECISION_MAX,295,2
243,PREV_DAYS_DECISION_MEAN,221,2
244,PREV_HOUR_APPR_PROCESS_START_MAX,118,2
245,PREV_HOUR_APPR_PROCESS_START_MEAN,262,2
246,PREV_NAME_CASH_LOAN_PURPOSE_XAP_MEAN,72,2
247,PREV_NAME_CASH_LOAN_PURPOSE_XNA_MEAN,73,2
248,PREV_NAME_CLIENT_TYPE_New_MEAN,127,2
249,PREV_NAME_CLIENT_TYPE_Refreshed_MEAN,114,2
250,PREV_NAME_CLIENT_TYPE_Repeater_MEAN,98,2
251,PREV_NAME_CONTRACT_STATUS_Approved_MEAN,88,2
252,PREV_NAME_CONTRACT_STATUS_Canceled_MEAN,108,2
253,PREV_NAME_CONTRACT_STATUS_Refused_MEAN,161,2
254,PREV_NAME_CONTRACT_TYPE_Revolving loans_MEAN,68,2
255,PREV_NAME_GOODS_CATEGORY_Audio/Video_MEAN,71,2
256,PREV_NAME_GOODS_CATEGORY_Computers_MEAN,47,2
257,PREV_NAME_GOODS_CATEGORY_Consumer Electronics_MEAN,79,2
258,PREV_NAME_GOODS_CATEGORY_Furniture_MEAN,61,2
259,PREV_NAME_GOODS_CATEGORY_Mobile_MEAN,63,2
260,PREV_NAME_GOODS_CATEGORY_XNA_MEAN,59,2
261,PREV_NAME_PAYMENT_TYPE_Cash through the bank_MEAN,99,2
262,PREV_NAME_PAYMENT_TYPE_XNA_MEAN,131,2
263,PREV_NAME_PORTFOLIO_Cards_MEAN,58,2
264,PREV_NAME_PORTFOLIO_Cash_MEAN,103,2
265,PREV_NAME_PORTFOLIO_POS_MEAN,61,2
266,PREV_NAME_PORTFOLIO_XNA_MEAN,61,2
267,PREV_NAME_PRODUCT_TYPE_XNA_MEAN,86,2
268,PREV_NAME_PRODUCT_TYPE_walk-in_MEAN,116,2
269,PREV_NAME_PRODUCT_TYPE_x-sell_MEAN,101,2
270,PREV_NAME_SELLER_INDUSTRY_Connectivity_MEAN,133,2
271,PREV_NAME_SELLER_INDUSTRY_Consumer electronics_MEAN,128,2
272,PREV_NAME_SELLER_INDUSTRY_XNA_MEAN,51,2
273,PREV_NAME_TYPE_SUITE_Family_MEAN,142,2
274,"PREV_NAME_TYPE_SUITE_Spouse, partner_MEAN",46,2
275,PREV_NAME_TYPE_SUITE_Unaccompanied_MEAN,233,2
276,PREV_NAME_TYPE_SUITE_nan_MEAN,229,2
277,PREV_NAME_YIELD_GROUP_XNA_MEAN,145,2
278,PREV_NAME_YIELD_GROUP_high_MEAN,239,2
279,PREV_NAME_YIELD_GROUP_low_action_MEAN,106,2
280,PREV_NAME_YIELD_GROUP_low_normal_MEAN,150,2
281,PREV_NAME_YIELD_GROUP_middle_MEAN,157,2
282,PREV_PRODUCT_COMBINATION_Card Street_MEAN,37,2
283,PREV_PRODUCT_COMBINATION_Card X-Sell_MEAN,39,2
284,PREV_PRODUCT_COMBINATION_Cash Street: high_MEAN,57,2
285,PREV_PRODUCT_COMBINATION_Cash Street: low_MEAN,116,2
286,PREV_PRODUCT_COMBINATION_Cash Street: middle_MEAN,24,2
287,PREV_PRODUCT_COMBINATION_Cash X-Sell: high_MEAN,53,2
288,PREV_PRODUCT_COMBINATION_Cash X-Sell: low_MEAN,123,2
289,PREV_PRODUCT_COMBINATION_Cash X-Sell: middle_MEAN,72,2
290,PREV_PRODUCT_COMBINATION_Cash_MEAN,56,2
291,PREV_PRODUCT_COMBINATION_POS household with interest_MEAN,133,2
292,PREV_PRODUCT_COMBINATION_POS industry with interest_MEAN,65,2
293,PREV_PRODUCT_COMBINATION_POS mobile with interest_MEAN,68,2
294,PREV_RATE_DOWN_PAYMENT_MAX,104,2
295,PREV_RATE_DOWN_PAYMENT_MEAN,203,2
296,PREV_WEEKDAY_APPR_PROCESS_START_FRIDAY_MEAN,142,2
297,PREV_WEEKDAY_APPR_PROCESS_START_MONDAY_MEAN,159,2
298,PREV_WEEKDAY_APPR_PROCESS_START_SATURDAY_MEAN,141,2
299,PREV_WEEKDAY_APPR_PROCESS_START_SUNDAY_MEAN,92,2
300,PREV_WEEKDAY_APPR_PROCESS_START_THURSDAY_MEAN,197,2
301,PREV_WEEKDAY_APPR_PROCESS_START_TUESDAY_MEAN,117,2
302,PREV_WEEKDAY_APPR_PROCESS_START_WEDNESDAY_MEAN,121,2
303,REFUSED_AMT_ANNUITY_MAX,81,2
304,REFUSED_AMT_ANNUITY_MEAN,98,2
305,REFUSED_AMT_APPLICATION_MAX,55,2
306,REFUSED_AMT_APPLICATION_MEAN,61,2
307,REFUSED_AMT_CREDIT_MAX,53,2
308,REFUSED_AMT_CREDIT_MEAN,108,2
309,REFUSED_AMT_GOODS_PRICE_MAX,58,2
310,REFUSED_AMT_GOODS_PRICE_MEAN,107,2
311,REFUSED_APP_CREDIT_PERC_MAX,70,2
312,REFUSED_APP_CREDIT_PERC_MEAN,119,2
313,REFUSED_CNT_PAYMENT_MEAN,98,2
314,REFUSED_CNT_PAYMENT_SUM,48,2
315,REFUSED_DAYS_DECISION_MAX,237,2
316,REFUSED_DAYS_DECISION_MEAN,205,2
317,REFUSED_HOUR_APPR_PROCESS_START_MAX,73,2
318,REFUSED_HOUR_APPR_PROCESS_START_MEAN,105,2
319,REFUSED_RATE_DOWN_PAYMENT_MAX,50,2
320,REGION_POPULATION_RELATIVE,496,2
321,REGION_RATING_CLIENT_W_CITY,127,2
322,REG_CITY_NOT_LIVE_CITY,67,2
323,TOTALAREA_MODE,209,2
324,"WALLSMATERIAL_MODE_Stone, brick",39,2
325,YEARS_BEGINEXPLUATATION_AVG,92,2
326,YEARS_BEGINEXPLUATATION_MEDI,115,2
327,YEARS_BEGINEXPLUATATION_MODE,142,2
328,YEARS_BUILD_AVG,37,2
329,YEARS_BUILD_MODE,75,2
0,ACTIVE_AMT_ANNUITY_MAX,49,3
1,ACTIVE_AMT_ANNUITY_MEAN,64,3
2,ACTIVE_AMT_CREDIT_MAX_OVERDUE_MEAN,267,3
3,ACTIVE_AMT_CREDIT_SUM_DEBT_MEAN,301,3
4,ACTIVE_AMT_CREDIT_SUM_DEBT_SUM,207,3
5,ACTIVE_AMT_CREDIT_SUM_LIMIT_MEAN,186,3
6,ACTIVE_AMT_CREDIT_SUM_LIMIT_SUM,84,3
7,ACTIVE_AMT_CREDIT_SUM_MEAN,325,3
8,ACTIVE_AMT_CREDIT_SUM_SUM,421,3
9,ACTIVE_DAYS_CREDIT_ENDDATE_MEAN,445,3
10,ACTIVE_DAYS_CREDIT_MEAN,500,3
11,ACTIVE_DAYS_CREDIT_UPDATE_MEAN,442,3
12,ACTIVE_DAYS_CREDIT_VAR,253,3
13,ACTIVE_MONTHS_BALANCE_MIN_MIN,51,3
14,ACTIVE_MONTHS_BALANCE_SIZE_MEAN,146,3
15,ACTIVE_MONTHS_BALANCE_SIZE_SUM,74,3
16,AMT_ANNUITY,574,3
17,AMT_CREDIT,365,3
18,AMT_GOODS_PRICE,344,3
19,AMT_INCOME_TOTAL,177,3
20,AMT_REQ_CREDIT_BUREAU_QRT,54,3
21,AMT_REQ_CREDIT_BUREAU_YEAR,90,3
22,APARTMENTS_AVG,95,3
23,APARTMENTS_MEDI,76,3
24,APARTMENTS_MODE,69,3
25,APPROVED_AMT_ANNUITY_MAX,166,3
26,APPROVED_AMT_ANNUITY_MEAN,229,3
27,APPROVED_AMT_APPLICATION_MAX,129,3
28,APPROVED_AMT_APPLICATION_MEAN,78,3
29,APPROVED_AMT_CREDIT_MAX,177,3
30,APPROVED_AMT_CREDIT_MEAN,84,3
31,APPROVED_AMT_DOWN_PAYMENT_MAX,217,3
32,APPROVED_AMT_DOWN_PAYMENT_MEAN,123,3
33,APPROVED_AMT_GOODS_PRICE_MAX,53,3
34,APPROVED_AMT_GOODS_PRICE_MEAN,68,3
35,APPROVED_APP_CREDIT_PERC_MAX,147,3
36,APPROVED_APP_CREDIT_PERC_MEAN,191,3
37,APPROVED_CNT_PAYMENT_MEAN,467,3
38,APPROVED_CNT_PAYMENT_SUM,280,3
39,APPROVED_DAYS_DECISION_MAX,346,3
40,APPROVED_DAYS_DECISION_MEAN,177,3
41,APPROVED_HOUR_APPR_PROCESS_START_MAX,105,3
42,APPROVED_HOUR_APPR_PROCESS_START_MEAN,161,3
43,APPROVED_RATE_DOWN_PAYMENT_MAX,110,3
44,APPROVED_RATE_DOWN_PAYMENT_MEAN,126,3
45,BASEMENTAREA_AVG,70,3
46,BASEMENTAREA_MEDI,60,3
47,BASEMENTAREA_MODE,70,3
48,BURO_AMT_ANNUITY_MAX,88,3
49,BURO_AMT_ANNUITY_MEAN,86,3
50,BURO_AMT_CREDIT_MAX_OVERDUE_MEAN,303,3
51,BURO_AMT_CREDIT_SUM_DEBT_MEAN,370,3
52,BURO_AMT_CREDIT_SUM_DEBT_SUM,193,3
53,BURO_AMT_CREDIT_SUM_LIMIT_MEAN,102,3
54,BURO_AMT_CREDIT_SUM_LIMIT_SUM,68,3
55,BURO_AMT_CREDIT_SUM_MEAN,312,3
56,BURO_AMT_CREDIT_SUM_OVERDUE_MEAN,83,3
57,BURO_AMT_CREDIT_SUM_SUM,236,3
58,BURO_CREDIT_ACTIVE_Active_MEAN,78,3
59,BURO_CREDIT_ACTIVE_Closed_MEAN,147,3
60,BURO_CREDIT_TYPE_Car loan_MEAN,67,3
61,BURO_CREDIT_TYPE_Consumer credit_MEAN,103,3
62,BURO_CREDIT_TYPE_Credit card_MEAN,155,3
63,BURO_CREDIT_TYPE_Microloan_MEAN,138,3
64,BURO_CREDIT_TYPE_Mortgage_MEAN,87,3
65,BURO_DAYS_CREDIT_ENDDATE_MEAN,338,3
66,BURO_DAYS_CREDIT_MEAN,310,3
67,BURO_DAYS_CREDIT_UPDATE_MEAN,199,3
68,BURO_DAYS_CREDIT_VAR,260,3
69,BURO_MONTHS_BALANCE_MIN_MIN,45,3
70,BURO_MONTHS_BALANCE_SIZE_MEAN,107,3
71,BURO_MONTHS_BALANCE_SIZE_SUM,105,3
72,BURO_STATUS_0_MEAN_MEAN,166,3
73,BURO_STATUS_1_MEAN_MEAN,99,3
74,BURO_STATUS_C_MEAN_MEAN,96,3
75,BURO_STATUS_X_MEAN_MEAN,66,3
76,CC_AMT_BALANCE_MAX,122,3
77,CC_AMT_BALANCE_MEAN,89,3
78,CC_AMT_CREDIT_LIMIT_ACTUAL_MEAN,168,3
79,CC_AMT_CREDIT_LIMIT_ACTUAL_SUM,90,3
80,CC_AMT_CREDIT_LIMIT_ACTUAL_VAR,83,3
81,CC_AMT_DRAWINGS_ATM_CURRENT_MAX,64,3
82,CC_AMT_DRAWINGS_ATM_CURRENT_MEAN,74,3
83,CC_AMT_DRAWINGS_ATM_CURRENT_SUM,48,3
84,CC_AMT_DRAWINGS_ATM_CURRENT_VAR,83,3
85,CC_AMT_DRAWINGS_CURRENT_MAX,46,3
86,CC_AMT_DRAWINGS_CURRENT_SUM,33,3
87,CC_AMT_DRAWINGS_POS_CURRENT_SUM,76,3
88,CC_AMT_DRAWINGS_POS_CURRENT_VAR,54,3
89,CC_AMT_INST_MIN_REGULARITY_SUM,44,3
90,CC_AMT_INST_MIN_REGULARITY_VAR,85,3
91,CC_AMT_PAYMENT_CURRENT_MAX,77,3
92,CC_AMT_PAYMENT_CURRENT_MEAN,110,3
93,CC_AMT_PAYMENT_CURRENT_SUM,68,3
94,CC_AMT_PAYMENT_CURRENT_VAR,92,3
95,CC_AMT_PAYMENT_TOTAL_CURRENT_MEAN,95,3
96,CC_AMT_PAYMENT_TOTAL_CURRENT_SUM,56,3
97,CC_AMT_PAYMENT_TOTAL_CURRENT_VAR,45,3
98,CC_AMT_RECEIVABLE_PRINCIPAL_MEAN,107,3
99,CC_CNT_DRAWINGS_ATM_CURRENT_MEAN,143,3
100,CC_CNT_DRAWINGS_ATM_CURRENT_SUM,30,3
101,CC_CNT_DRAWINGS_ATM_CURRENT_VAR,107,3
102,CC_CNT_DRAWINGS_CURRENT_MAX,67,3
103,CC_CNT_DRAWINGS_CURRENT_MEAN,92,3
104,CC_CNT_DRAWINGS_CURRENT_SUM,41,3
105,CC_CNT_DRAWINGS_CURRENT_VAR,133,3
106,CC_CNT_DRAWINGS_POS_CURRENT_MAX,52,3
107,CC_CNT_DRAWINGS_POS_CURRENT_MEAN,51,3
108,CC_SK_DPD_DEF_MEAN,56,3
109,CLOSED_AMT_ANNUITY_MAX,71,3
110,CLOSED_AMT_ANNUITY_MEAN,70,3
111,CLOSED_AMT_CREDIT_MAX_OVERDUE_MEAN,167,3
112,CLOSED_AMT_CREDIT_SUM_DEBT_MEAN,46,3
113,CLOSED_AMT_CREDIT_SUM_MEAN,330,3
114,CLOSED_AMT_CREDIT_SUM_SUM,289,3
115,CLOSED_DAYS_CREDIT_ENDDATE_MEAN,216,3
116,CLOSED_DAYS_CREDIT_MEAN,235,3
117,CLOSED_DAYS_CREDIT_UPDATE_MEAN,300,3
118,CLOSED_DAYS_CREDIT_VAR,307,3
119,CLOSED_MONTHS_BALANCE_MIN_MIN,79,3
120,CLOSED_MONTHS_BALANCE_SIZE_MEAN,139,3
121,CLOSED_MONTHS_BALANCE_SIZE_SUM,108,3
122,CODE_GENDER,224,3
123,COMMONAREA_AVG,49,3
124,COMMONAREA_MEDI,61,3
125,COMMONAREA_MODE,53,3
126,DAYS_BIRTH,843,3
127,DAYS_EMPLOYED,595,3
128,DAYS_ID_PUBLISH,556,3
129,DAYS_LAST_PHONE_CHANGE,219,3
130,DAYS_REGISTRATION,396,3
131,DEF_30_CNT_SOCIAL_CIRCLE,94,3
132,DEF_60_CNT_SOCIAL_CIRCLE,60,3
133,EXT_SOURCE_1,604,3
134,EXT_SOURCE_2,646,3
135,EXT_SOURCE_3,712,3
136,FLAG_DOCUMENT_3,67,3
137,FLAG_PHONE,49,3
138,FLAG_WORK_PHONE,110,3
139,HOUR_APPR_PROCESS_START,149,3
140,INSTAL_AMT_INSTALMENT_MAX,158,3
141,INSTAL_AMT_INSTALMENT_MEAN,153,3
142,INSTAL_AMT_INSTALMENT_MIN,366,3
143,INSTAL_AMT_INSTALMENT_STD,225,3
144,INSTAL_AMT_INSTALMENT_SUM,205,3
145,INSTAL_AMT_PAYMENT_MAX,134,3
146,INSTAL_AMT_PAYMENT_MEAN,269,3
147,INSTAL_AMT_PAYMENT_MIN,336,3
148,INSTAL_AMT_PAYMENT_STD,169,3
149,INSTAL_AMT_PAYMENT_SUM,368,3
150,INSTAL_COUNT,140,3
151,INSTAL_DAYS_ENTRY_PAYMENT_MAX,460,3
152,INSTAL_DAYS_ENTRY_PAYMENT_MEAN,245,3
153,INSTAL_DAYS_ENTRY_PAYMENT_STD,322,3
154,INSTAL_DAYS_ENTRY_PAYMENT_SUM,240,3
155,INSTAL_DBD_MAX,250,3
156,INSTAL_DBD_MEAN,296,3
157,INSTAL_DBD_MIN,138,3
158,INSTAL_DBD_STD,381,3
159,INSTAL_DBD_SUM,358,3
160,INSTAL_DPD_MAX,88,3
161,INSTAL_DPD_MEAN,280,3
162,INSTAL_DPD_STD,198,3
163,INSTAL_DPD_SUM,111,3
164,INSTAL_NUM_INSTALMENT_VERSION_NUNIQUE,86,3
165,INSTAL_PAYMENT_DIFF_MAX,237,3
166,INSTAL_PAYMENT_DIFF_MEAN,251,3
167,INSTAL_PAYMENT_DIFF_STD,121,3
168,INSTAL_PAYMENT_PERC_MEAN,233,3
169,INSTAL_PAYMENT_PERC_MIN,141,3
170,INSTAL_PAYMENT_PERC_STD,181,3
171,LANDAREA_AVG,85,3
172,LANDAREA_MEDI,67,3
173,LANDAREA_MODE,94,3
174,LIVINGAPARTMENTS_AVG,75,3
175,LIVINGAPARTMENTS_MODE,60,3
176,LIVINGAREA_AVG,85,3
177,LIVINGAREA_MEDI,55,3
178,LIVINGAREA_MODE,62,3
179,NAME_EDUCATION_TYPE_Higher education,117,3
180,NAME_EDUCATION_TYPE_Secondary / secondary special,48,3
181,NAME_FAMILY_STATUS_Married,166,3
182,NEW_ANNUITY_TO_INCOME_RATIO,461,3
183,NEW_CAR_TO_BIRTH_RATIO,214,3
184,NEW_CAR_TO_EMPLOY_RATIO,257,3
185,NEW_CREDIT_TO_ANNUITY_RATIO,1144,3
186,NEW_CREDIT_TO_GOODS_RATIO,515,3
187,NEW_CREDIT_TO_INCOME_RATIO,283,3
188,NEW_DOC_IND_KURT,91,3
189,NEW_EMPLOY_TO_BIRTH_RATIO,433,3
190,NEW_EXT_SOURCES_MEAN,866,3
191,NEW_INC_BY_ORG,144,3
192,NEW_INC_PER_CHLD,236,3
193,NEW_PHONE_TO_BIRTH_RATIO,282,3
194,NEW_PHONE_TO_BIRTH_RATIO_EMPLOYER,419,3
195,NEW_SCORES_STD,327,3
196,NEW_SOURCES_PROD,333,3
197,NONLIVINGAPARTMENTS_AVG,71,3
198,NONLIVINGAREA_AVG,70,3
199,NONLIVINGAREA_MEDI,45,3
200,NONLIVINGAREA_MODE,91,3
201,OBS_30_CNT_SOCIAL_CIRCLE,59,3
202,OBS_60_CNT_SOCIAL_CIRCLE,88,3
203,ORGANIZATION_TYPE_Business Entity Type 3,55,3
204,ORGANIZATION_TYPE_Construction,55,3
205,ORGANIZATION_TYPE_Self-employed,68,3
206,OWN_CAR_AGE,168,3
207,POS_COUNT,285,3
208,POS_MONTHS_BALANCE_MAX,171,3
209,POS_MONTHS_BALANCE_MEAN,230,3
210,POS_NAME_CONTRACT_STATUS_Active_MEAN,249,3
211,POS_NAME_CONTRACT_STATUS_Completed_MEAN,200,3
212,POS_NAME_CONTRACT_STATUS_Signed_MEAN,93,3
213,POS_SK_DPD_DEF_MAX,67,3
214,POS_SK_DPD_DEF_MEAN,159,3
215,POS_SK_DPD_MAX,52,3
216,POS_SK_DPD_MEAN,124,3
217,PREV_AMT_ANNUITY_MAX,161,3
218,PREV_AMT_ANNUITY_MEAN,337,3
219,PREV_AMT_APPLICATION_MAX,87,3
220,PREV_AMT_APPLICATION_MEAN,149,3
221,PREV_AMT_CREDIT_MAX,94,3
222,PREV_AMT_CREDIT_MEAN,150,3
223,PREV_AMT_DOWN_PAYMENT_MAX,131,3
224,PREV_AMT_DOWN_PAYMENT_MEAN,174,3
225,PREV_AMT_GOODS_PRICE_MAX,59,3
226,PREV_AMT_GOODS_PRICE_MEAN,84,3
227,PREV_APP_CREDIT_PERC_MAX,160,3
228,PREV_APP_CREDIT_PERC_MEAN,319,3
229,PREV_CHANNEL_TYPE_AP+ (Cash loan)_MEAN,48,3
230,PREV_CHANNEL_TYPE_Channel of corporate sales_MEAN,48,3
231,PREV_CHANNEL_TYPE_Contact center_MEAN,56,3
232,PREV_CHANNEL_TYPE_Country-wide_MEAN,115,3
233,PREV_CHANNEL_TYPE_Credit and cash offices_MEAN,119,3
234,PREV_CHANNEL_TYPE_Regional / Local_MEAN,48,3
235,PREV_CHANNEL_TYPE_Stone_MEAN,93,3
236,PREV_CNT_PAYMENT_MEAN,406,3
237,PREV_CNT_PAYMENT_SUM,144,3
238,PREV_CODE_REJECT_REASON_HC_MEAN,45,3
239,PREV_CODE_REJECT_REASON_LIMIT_MEAN,33,3
240,PREV_CODE_REJECT_REASON_SCO_MEAN,76,3
241,PREV_CODE_REJECT_REASON_XAP_MEAN,55,3
242,PREV_DAYS_DECISION_MAX,258,3
243,PREV_DAYS_DECISION_MEAN,211,3
244,PREV_HOUR_APPR_PROCESS_START_MAX,110,3
245,PREV_HOUR_APPR_PROCESS_START_MEAN,219,3
246,PREV_NAME_CASH_LOAN_PURPOSE_XAP_MEAN,67,3
247,PREV_NAME_CASH_LOAN_PURPOSE_XNA_MEAN,46,3
248,PREV_NAME_CLIENT_TYPE_New_MEAN,133,3
249,PREV_NAME_CLIENT_TYPE_Refreshed_MEAN,87,3
250,PREV_NAME_CLIENT_TYPE_Repeater_MEAN,77,3
251,PREV_NAME_CONTRACT_STATUS_Approved_MEAN,99,3
252,PREV_NAME_CONTRACT_STATUS_Canceled_MEAN,82,3
253,PREV_NAME_CONTRACT_STATUS_Refused_MEAN,199,3
254,PREV_NAME_CONTRACT_TYPE_Revolving loans_MEAN,45,3
255,PREV_NAME_GOODS_CATEGORY_Audio/Video_MEAN,59,3
256,PREV_NAME_GOODS_CATEGORY_Computers_MEAN,40,3
257,PREV_NAME_GOODS_CATEGORY_Consumer Electronics_MEAN,60,3
258,PREV_NAME_GOODS_CATEGORY_Furniture_MEAN,64,3
259,PREV_NAME_GOODS_CATEGORY_Mobile_MEAN,84,3
260,PREV_NAME_GOODS_CATEGORY_XNA_MEAN,53,3
261,PREV_NAME_PAYMENT_TYPE_Cash through the bank_MEAN,112,3
262,PREV_NAME_PAYMENT_TYPE_XNA_MEAN,153,3
263,PREV_NAME_PORTFOLIO_Cards_MEAN,51,3
264,PREV_NAME_PORTFOLIO_Cash_MEAN,92,3
265,PREV_NAME_PORTFOLIO_POS_MEAN,58,3
266,PREV_NAME_PORTFOLIO_XNA_MEAN,63,3
267,PREV_NAME_PRODUCT_TYPE_XNA_MEAN,77,3
268,PREV_NAME_PRODUCT_TYPE_walk-in_MEAN,96,3
269,PREV_NAME_PRODUCT_TYPE_x-sell_MEAN,63,3
270,PREV_NAME_SELLER_INDUSTRY_Connectivity_MEAN,135,3
271,PREV_NAME_SELLER_INDUSTRY_Consumer electronics_MEAN,123,3
272,PREV_NAME_SELLER_INDUSTRY_XNA_MEAN,60,3
273,PREV_NAME_TYPE_SUITE_Family_MEAN,80,3
274,"PREV_NAME_TYPE_SUITE_Spouse, partner_MEAN",55,3
275,PREV_NAME_TYPE_SUITE_Unaccompanied_MEAN,192,3
276,PREV_NAME_TYPE_SUITE_nan_MEAN,183,3
277,PREV_NAME_YIELD_GROUP_XNA_MEAN,95,3
278,PREV_NAME_YIELD_GROUP_high_MEAN,191,3
279,PREV_NAME_YIELD_GROUP_low_action_MEAN,127,3
280,PREV_NAME_YIELD_GROUP_low_normal_MEAN,92,3
281,PREV_NAME_YIELD_GROUP_middle_MEAN,160,3
282,PREV_PRODUCT_COMBINATION_Card Street_MEAN,70,3
283,PREV_PRODUCT_COMBINATION_Card X-Sell_MEAN,37,3
284,PREV_PRODUCT_COMBINATION_Cash Street: high_MEAN,68,3
285,PREV_PRODUCT_COMBINATION_Cash Street: low_MEAN,105,3
286,PREV_PRODUCT_COMBINATION_Cash Street: middle_MEAN,43,3
287,PREV_PRODUCT_COMBINATION_Cash X-Sell: high_MEAN,86,3
288,PREV_PRODUCT_COMBINATION_Cash X-Sell: low_MEAN,117,3
289,PREV_PRODUCT_COMBINATION_Cash X-Sell: middle_MEAN,51,3
290,PREV_PRODUCT_COMBINATION_Cash_MEAN,57,3
291,PREV_PRODUCT_COMBINATION_POS household with interest_MEAN,74,3
292,PREV_PRODUCT_COMBINATION_POS industry with interest_MEAN,40,3
293,PREV_PRODUCT_COMBINATION_POS mobile with interest_MEAN,31,3
294,PREV_RATE_DOWN_PAYMENT_MAX,132,3
295,PREV_RATE_DOWN_PAYMENT_MEAN,182,3
296,PREV_WEEKDAY_APPR_PROCESS_START_FRIDAY_MEAN,121,3
297,PREV_WEEKDAY_APPR_PROCESS_START_MONDAY_MEAN,144,3
298,PREV_WEEKDAY_APPR_PROCESS_START_SATURDAY_MEAN,127,3
299,PREV_WEEKDAY_APPR_PROCESS_START_SUNDAY_MEAN,79,3
300,PREV_WEEKDAY_APPR_PROCESS_START_THURSDAY_MEAN,113,3
301,PREV_WEEKDAY_APPR_PROCESS_START_TUESDAY_MEAN,89,3
302,PREV_WEEKDAY_APPR_PROCESS_START_WEDNESDAY_MEAN,113,3
303,REFUSED_AMT_ANNUITY_MAX,84,3
304,REFUSED_AMT_ANNUITY_MEAN,71,3
305,REFUSED_AMT_APPLICATION_MAX,52,3
306,REFUSED_AMT_APPLICATION_MEAN,57,3
307,REFUSED_AMT_CREDIT_MAX,60,3
308,REFUSED_AMT_CREDIT_MEAN,40,3
309,REFUSED_AMT_GOODS_PRICE_MAX,53,3
310,REFUSED_AMT_GOODS_PRICE_MEAN,58,3
311,REFUSED_APP_CREDIT_PERC_MAX,93,3
312,REFUSED_APP_CREDIT_PERC_MEAN,107,3
313,REFUSED_CNT_PAYMENT_MEAN,73,3
314,REFUSED_CNT_PAYMENT_SUM,68,3
315,REFUSED_DAYS_DECISION_MAX,205,3
316,REFUSED_DAYS_DECISION_MEAN,151,3
317,REFUSED_HOUR_APPR_PROCESS_START_MAX,45,3
318,REFUSED_HOUR_APPR_PROCESS_START_MEAN,141,3
319,REFUSED_RATE_DOWN_PAYMENT_MAX,37,3
320,REGION_POPULATION_RELATIVE,376,3
321,REGION_RATING_CLIENT_W_CITY,136,3
322,REG_CITY_NOT_LIVE_CITY,63,3
323,TOTALAREA_MODE,184,3
324,"WALLSMATERIAL_MODE_Stone, brick",62,3
325,YEARS_BEGINEXPLUATATION_AVG,60,3
326,YEARS_BEGINEXPLUATATION_MEDI,123,3
327,YEARS_BEGINEXPLUATATION_MODE,111,3
328,YEARS_BUILD_AVG,58,3
329,YEARS_BUILD_MODE,64,3
0,ACTIVE_AMT_ANNUITY_MAX,62,4
1,ACTIVE_AMT_ANNUITY_MEAN,63,4
2,ACTIVE_AMT_CREDIT_MAX_OVERDUE_MEAN,163,4
3,ACTIVE_AMT_CREDIT_SUM_DEBT_MEAN,299,4
4,ACTIVE_AMT_CREDIT_SUM_DEBT_SUM,196,4
5,ACTIVE_AMT_CREDIT_SUM_LIMIT_MEAN,159,4
6,ACTIVE_AMT_CREDIT_SUM_LIMIT_SUM,45,4
7,ACTIVE_AMT_CREDIT_SUM_MEAN,217,4
8,ACTIVE_AMT_CREDIT_SUM_SUM,329,4
9,ACTIVE_DAYS_CREDIT_ENDDATE_MEAN,362,4
10,ACTIVE_DAYS_CREDIT_MEAN,393,4
11,ACTIVE_DAYS_CREDIT_UPDATE_MEAN,311,4
12,ACTIVE_DAYS_CREDIT_VAR,240,4
13,ACTIVE_MONTHS_BALANCE_MIN_MIN,57,4
14,ACTIVE_MONTHS_BALANCE_SIZE_MEAN,136,4
15,ACTIVE_MONTHS_BALANCE_SIZE_SUM,75,4
16,AMT_ANNUITY,491,4
17,AMT_CREDIT,283,4
18,AMT_GOODS_PRICE,254,4
19,AMT_INCOME_TOTAL,153,4
20,AMT_REQ_CREDIT_BUREAU_QRT,52,4
21,AMT_REQ_CREDIT_BUREAU_YEAR,95,4
22,APARTMENTS_AVG,100,4
23,APARTMENTS_MEDI,65,4
24,APARTMENTS_MODE,65,4
25,APPROVED_AMT_ANNUITY_MAX,117,4
26,APPROVED_AMT_ANNUITY_MEAN,206,4
27,APPROVED_AMT_APPLICATION_MAX,81,4
28,APPROVED_AMT_APPLICATION_MEAN,80,4
29,APPROVED_AMT_CREDIT_MAX,126,4
30,APPROVED_AMT_CREDIT_MEAN,77,4
31,APPROVED_AMT_DOWN_PAYMENT_MAX,176,4
32,APPROVED_AMT_DOWN_PAYMENT_MEAN,83,4
33,APPROVED_AMT_GOODS_PRICE_MAX,53,4
34,APPROVED_AMT_GOODS_PRICE_MEAN,93,4
35,APPROVED_APP_CREDIT_PERC_MAX,103,4
36,APPROVED_APP_CREDIT_PERC_MEAN,166,4
37,APPROVED_CNT_PAYMENT_MEAN,435,4
38,APPROVED_CNT_PAYMENT_SUM,213,4
39,APPROVED_DAYS_DECISION_MAX,249,4
40,APPROVED_DAYS_DECISION_MEAN,143,4
41,APPROVED_HOUR_APPR_PROCESS_START_MAX,52,4
42,APPROVED_HOUR_APPR_PROCESS_START_MEAN,157,4
43,APPROVED_RATE_DOWN_PAYMENT_MAX,76,4
44,APPROVED_RATE_DOWN_PAYMENT_MEAN,117,4
45,BASEMENTAREA_AVG,39,4
46,BASEMENTAREA_MEDI,28,4
47,BASEMENTAREA_MODE,73,4
48,BURO_AMT_ANNUITY_MAX,53,4
49,BURO_AMT_ANNUITY_MEAN,42,4
50,BURO_AMT_CREDIT_MAX_OVERDUE_MEAN,350,4
51,BURO_AMT_CREDIT_SUM_DEBT_MEAN,235,4
52,BURO_AMT_CREDIT_SUM_DEBT_SUM,191,4
53,BURO_AMT_CREDIT_SUM_LIMIT_MEAN,88,4
54,BURO_AMT_CREDIT_SUM_LIMIT_SUM,68,4
55,BURO_AMT_CREDIT_SUM_MEAN,283,4
56,BURO_AMT_CREDIT_SUM_OVERDUE_MEAN,85,4
57,BURO_AMT_CREDIT_SUM_SUM,250,4
58,BURO_CREDIT_ACTIVE_Active_MEAN,90,4
59,BURO_CREDIT_ACTIVE_Closed_MEAN,132,4
60,BURO_CREDIT_TYPE_Car loan_MEAN,41,4
61,BURO_CREDIT_TYPE_Consumer credit_MEAN,147,4
62,BURO_CREDIT_TYPE_Credit card_MEAN,122,4
63,BURO_CREDIT_TYPE_Microloan_MEAN,118,4
64,BURO_CREDIT_TYPE_Mortgage_MEAN,120,4
65,BURO_DAYS_CREDIT_ENDDATE_MEAN,292,4
66,BURO_DAYS_CREDIT_MEAN,238,4
67,BURO_DAYS_CREDIT_UPDATE_MEAN,162,4
68,BURO_DAYS_CREDIT_VAR,226,4
69,BURO_MONTHS_BALANCE_MIN_MIN,39,4
70,BURO_MONTHS_BALANCE_SIZE_MEAN,81,4
71,BURO_MONTHS_BALANCE_SIZE_SUM,127,4
72,BURO_STATUS_0_MEAN_MEAN,215,4
73,BURO_STATUS_1_MEAN_MEAN,91,4
74,BURO_STATUS_C_MEAN_MEAN,90,4
75,BURO_STATUS_X_MEAN_MEAN,90,4
76,CC_AMT_BALANCE_MAX,69,4
77,CC_AMT_BALANCE_MEAN,81,4
78,CC_AMT_CREDIT_LIMIT_ACTUAL_MEAN,140,4
79,CC_AMT_CREDIT_LIMIT_ACTUAL_SUM,63,4
80,CC_AMT_CREDIT_LIMIT_ACTUAL_VAR,51,4
81,CC_AMT_DRAWINGS_ATM_CURRENT_MAX,36,4
82,CC_AMT_DRAWINGS_ATM_CURRENT_MEAN,52,4
83,CC_AMT_DRAWINGS_ATM_CURRENT_SUM,76,4
84,CC_AMT_DRAWINGS_ATM_CURRENT_VAR,55,4
85,CC_AMT_DRAWINGS_CURRENT_MAX,36,4
86,CC_AMT_DRAWINGS_CURRENT_SUM,30,4
87,CC_AMT_DRAWINGS_POS_CURRENT_SUM,65,4
88,CC_AMT_DRAWINGS_POS_CURRENT_VAR,22,4
89,CC_AMT_INST_MIN_REGULARITY_SUM,44,4
90,CC_AMT_INST_MIN_REGULARITY_VAR,58,4
91,CC_AMT_PAYMENT_CURRENT_MAX,72,4
92,CC_AMT_PAYMENT_CURRENT_MEAN,108,4
93,CC_AMT_PAYMENT_CURRENT_SUM,62,4
94,CC_AMT_PAYMENT_CURRENT_VAR,65,4
95,CC_AMT_PAYMENT_TOTAL_CURRENT_MEAN,86,4
96,CC_AMT_PAYMENT_TOTAL_CURRENT_SUM,54,4
97,CC_AMT_PAYMENT_TOTAL_CURRENT_VAR,18,4
98,CC_AMT_RECEIVABLE_PRINCIPAL_MEAN,61,4
99,CC_CNT_DRAWINGS_ATM_CURRENT_MEAN,173,4
100,CC_CNT_DRAWINGS_ATM_CURRENT_SUM,21,4
101,CC_CNT_DRAWINGS_ATM_CURRENT_VAR,98,4
102,CC_CNT_DRAWINGS_CURRENT_MAX,45,4
103,CC_CNT_DRAWINGS_CURRENT_MEAN,94,4
104,CC_CNT_DRAWINGS_CURRENT_SUM,45,4
105,CC_CNT_DRAWINGS_CURRENT_VAR,185,4
106,CC_CNT_DRAWINGS_POS_CURRENT_MAX,30,4
107,CC_CNT_DRAWINGS_POS_CURRENT_MEAN,85,4
108,CC_SK_DPD_DEF_MEAN,49,4
109,CLOSED_AMT_ANNUITY_MAX,93,4
110,CLOSED_AMT_ANNUITY_MEAN,34,4
111,CLOSED_AMT_CREDIT_MAX_OVERDUE_MEAN,139,4
112,CLOSED_AMT_CREDIT_SUM_DEBT_MEAN,37,4
113,CLOSED_AMT_CREDIT_SUM_MEAN,264,4
114,CLOSED_AMT_CREDIT_SUM_SUM,271,4
115,CLOSED_DAYS_CREDIT_ENDDATE_MEAN,223,4
116,CLOSED_DAYS_CREDIT_MEAN,170,4
117,CLOSED_DAYS_CREDIT_UPDATE_MEAN,252,4
118,CLOSED_DAYS_CREDIT_VAR,239,4
119,CLOSED_MONTHS_BALANCE_MIN_MIN,36,4
120,CLOSED_MONTHS_BALANCE_SIZE_MEAN,67,4
121,CLOSED_MONTHS_BALANCE_SIZE_SUM,72,4
122,CODE_GENDER,227,4
123,COMMONAREA_AVG,64,4
124,COMMONAREA_MEDI,43,4
125,COMMONAREA_MODE,50,4
126,DAYS_BIRTH,737,4
127,DAYS_EMPLOYED,430,4
128,DAYS_ID_PUBLISH,451,4
129,DAYS_LAST_PHONE_CHANGE,209,4
130,DAYS_REGISTRATION,379,4
131,DEF_30_CNT_SOCIAL_CIRCLE,71,4
132,DEF_60_CNT_SOCIAL_CIRCLE,58,4
133,EXT_SOURCE_1,631,4
134,EXT_SOURCE_2,544,4
135,EXT_SOURCE_3,619,4
136,FLAG_DOCUMENT_3,88,4
137,FLAG_PHONE,28,4
138,FLAG_WORK_PHONE,107,4
139,HOUR_APPR_PROCESS_START,126,4
140,INSTAL_AMT_INSTALMENT_MAX,97,4
141,INSTAL_AMT_INSTALMENT_MEAN,102,4
142,INSTAL_AMT_INSTALMENT_MIN,297,4
143,INSTAL_AMT_INSTALMENT_STD,153,4
144,INSTAL_AMT_INSTALMENT_SUM,144,4
145,INSTAL_AMT_PAYMENT_MAX,134,4
146,INSTAL_AMT_PAYMENT_MEAN,150,4
147,INSTAL_AMT_PAYMENT_MIN,180,4
148,INSTAL_AMT_PAYMENT_STD,152,4
149,INSTAL_AMT_PAYMENT_SUM,362,4
150,INSTAL_COUNT,130,4
151,INSTAL_DAYS_ENTRY_PAYMENT_MAX,358,4
152,INSTAL_DAYS_ENTRY_PAYMENT_MEAN,197,4
153,INSTAL_DAYS_ENTRY_PAYMENT_STD,309,4
154,INSTAL_DAYS_ENTRY_PAYMENT_SUM,219,4
155,INSTAL_DBD_MAX,232,4
156,INSTAL_DBD_MEAN,250,4
157,INSTAL_DBD_MIN,101,4
158,INSTAL_DBD_STD,288,4
159,INSTAL_DBD_SUM,319,4
160,INSTAL_DPD_MAX,61,4
161,INSTAL_DPD_MEAN,312,4
162,INSTAL_DPD_STD,169,4
163,INSTAL_DPD_SUM,91,4
164,INSTAL_NUM_INSTALMENT_VERSION_NUNIQUE,79,4
165,INSTAL_PAYMENT_DIFF_MAX,240,4
166,INSTAL_PAYMENT_DIFF_MEAN,224,4
167,INSTAL_PAYMENT_DIFF_STD,98,4
168,INSTAL_PAYMENT_PERC_MEAN,135,4
169,INSTAL_PAYMENT_PERC_MIN,108,4
170,INSTAL_PAYMENT_PERC_STD,134,4
171,LANDAREA_AVG,73,4
172,LANDAREA_MEDI,60,4
173,LANDAREA_MODE,89,4
174,LIVINGAPARTMENTS_AVG,65,4
175,LIVINGAPARTMENTS_MODE,38,4
176,LIVINGAREA_AVG,51,4
177,LIVINGAREA_MEDI,50,4
178,LIVINGAREA_MODE,64,4
179,NAME_EDUCATION_TYPE_Higher education,84,4
180,NAME_EDUCATION_TYPE_Secondary / secondary special,50,4
181,NAME_FAMILY_STATUS_Married,145,4
182,NEW_ANNUITY_TO_INCOME_RATIO,362,4
183,NEW_CAR_TO_BIRTH_RATIO,213,4
184,NEW_CAR_TO_EMPLOY_RATIO,180,4
185,NEW_CREDIT_TO_ANNUITY_RATIO,1073,4
186,NEW_CREDIT_TO_GOODS_RATIO,497,4
187,NEW_CREDIT_TO_INCOME_RATIO,287,4
188,NEW_DOC_IND_KURT,96,4
189,NEW_EMPLOY_TO_BIRTH_RATIO,362,4
190,NEW_EXT_SOURCES_MEAN,790,4
191,NEW_INC_BY_ORG,123,4
192,NEW_INC_PER_CHLD,138,4
193,NEW_PHONE_TO_BIRTH_RATIO,231,4
194,NEW_PHONE_TO_BIRTH_RATIO_EMPLOYER,298,4
195,NEW_SCORES_STD,289,4
196,NEW_SOURCES_PROD,292,4
197,NONLIVINGAPARTMENTS_AVG,58,4
198,NONLIVINGAREA_AVG,59,4
199,NONLIVINGAREA_MEDI,49,4
200,NONLIVINGAREA_MODE,60,4
201,OBS_30_CNT_SOCIAL_CIRCLE,85,4
202,OBS_60_CNT_SOCIAL_CIRCLE,61,4
203,ORGANIZATION_TYPE_Business Entity Type 3,46,4
204,ORGANIZATION_TYPE_Construction,39,4
205,ORGANIZATION_TYPE_Self-employed,69,4
206,OWN_CAR_AGE,146,4
207,POS_COUNT,208,4
208,POS_MONTHS_BALANCE_MAX,168,4
209,POS_MONTHS_BALANCE_MEAN,260,4
210,POS_NAME_CONTRACT_STATUS_Active_MEAN,238,4
211,POS_NAME_CONTRACT_STATUS_Completed_MEAN,167,4
212,POS_NAME_CONTRACT_STATUS_Signed_MEAN,44,4
213,POS_SK_DPD_DEF_MAX,38,4
214,POS_SK_DPD_DEF_MEAN,170,4
215,POS_SK_DPD_MAX,27,4
216,POS_SK_DPD_MEAN,96,4
217,PREV_AMT_ANNUITY_MAX,100,4
218,PREV_AMT_ANNUITY_MEAN,258,4
219,PREV_AMT_APPLICATION_MAX,44,4
220,PREV_AMT_APPLICATION_MEAN,107,4
221,PREV_AMT_CREDIT_MAX,80,4
222,PREV_AMT_CREDIT_MEAN,141,4
223,PREV_AMT_DOWN_PAYMENT_MAX,124,4
224,PREV_AMT_DOWN_PAYMENT_MEAN,136,4
225,PREV_AMT_GOODS_PRICE_MAX,32,4
226,PREV_AMT_GOODS_PRICE_MEAN,115,4
227,PREV_APP_CREDIT_PERC_MAX,138,4
228,PREV_APP_CREDIT_PERC_MEAN,283,4
229,PREV_CHANNEL_TYPE_AP+ (Cash loan)_MEAN,73,4
230,PREV_CHANNEL_TYPE_Channel of corporate sales_MEAN,33,4
231,PREV_CHANNEL_TYPE_Contact center_MEAN,54,4
232,PREV_CHANNEL_TYPE_Country-wide_MEAN,90,4
233,PREV_CHANNEL_TYPE_Credit and cash offices_MEAN,82,4
234,PREV_CHANNEL_TYPE_Regional / Local_MEAN,23,4
235,PREV_CHANNEL_TYPE_Stone_MEAN,47,4
236,PREV_CNT_PAYMENT_MEAN,386,4
237,PREV_CNT_PAYMENT_SUM,123,4
238,PREV_CODE_REJECT_REASON_HC_MEAN,49,4
239,PREV_CODE_REJECT_REASON_LIMIT_MEAN,50,4
240,PREV_CODE_REJECT_REASON_SCO_MEAN,81,4
241,PREV_CODE_REJECT_REASON_XAP_MEAN,71,4
242,PREV_DAYS_DECISION_MAX,229,4
243,PREV_DAYS_DECISION_MEAN,153,4
244,PREV_HOUR_APPR_PROCESS_START_MAX,64,4
245,PREV_HOUR_APPR_PROCESS_START_MEAN,200,4
246,PREV_NAME_CASH_LOAN_PURPOSE_XAP_MEAN,51,4
247,PREV_NAME_CASH_LOAN_PURPOSE_XNA_MEAN,55,4
248,PREV_NAME_CLIENT_TYPE_New_MEAN,95,4
249,PREV_NAME_CLIENT_TYPE_Refreshed_MEAN,97,4
250,PREV_NAME_CLIENT_TYPE_Repeater_MEAN,70,4
251,PREV_NAME_CONTRACT_STATUS_Approved_MEAN,108,4
252,PREV_NAME_CONTRACT_STATUS_Canceled_MEAN,64,4
253,PREV_NAME_CONTRACT_STATUS_Refused_MEAN,155,4
254,PREV_NAME_CONTRACT_TYPE_Revolving loans_MEAN,39,4
255,PREV_NAME_GOODS_CATEGORY_Audio/Video_MEAN,42,4
256,PREV_NAME_GOODS_CATEGORY_Computers_MEAN,49,4
257,PREV_NAME_GOODS_CATEGORY_Consumer Electronics_MEAN,49,4
258,PREV_NAME_GOODS_CATEGORY_Furniture_MEAN,60,4
259,PREV_NAME_GOODS_CATEGORY_Mobile_MEAN,43,4
260,PREV_NAME_GOODS_CATEGORY_XNA_MEAN,49,4
261,PREV_NAME_PAYMENT_TYPE_Cash through the bank_MEAN,99,4
262,PREV_NAME_PAYMENT_TYPE_XNA_MEAN,95,4
263,PREV_NAME_PORTFOLIO_Cards_MEAN,43,4
264,PREV_NAME_PORTFOLIO_Cash_MEAN,74,4
265,PREV_NAME_PORTFOLIO_POS_MEAN,49,4
266,PREV_NAME_PORTFOLIO_XNA_MEAN,34,4
267,PREV_NAME_PRODUCT_TYPE_XNA_MEAN,76,4
268,PREV_NAME_PRODUCT_TYPE_walk-in_MEAN,83,4
269,PREV_NAME_PRODUCT_TYPE_x-sell_MEAN,75,4
270,PREV_NAME_SELLER_INDUSTRY_Connectivity_MEAN,88,4
271,PREV_NAME_SELLER_INDUSTRY_Consumer electronics_MEAN,84,4
272,PREV_NAME_SELLER_INDUSTRY_XNA_MEAN,53,4
273,PREV_NAME_TYPE_SUITE_Family_MEAN,55,4
274,"PREV_NAME_TYPE_SUITE_Spouse, partner_MEAN",16,4
275,PREV_NAME_TYPE_SUITE_Unaccompanied_MEAN,207,4
276,PREV_NAME_TYPE_SUITE_nan_MEAN,129,4
277,PREV_NAME_YIELD_GROUP_XNA_MEAN,80,4
278,PREV_NAME_YIELD_GROUP_high_MEAN,178,4
279,PREV_NAME_YIELD_GROUP_low_action_MEAN,91,4
280,PREV_NAME_YIELD_GROUP_low_normal_MEAN,119,4
281,PREV_NAME_YIELD_GROUP_middle_MEAN,129,4
282,PREV_PRODUCT_COMBINATION_Card Street_MEAN,28,4
283,PREV_PRODUCT_COMBINATION_Card X-Sell_MEAN,20,4
284,PREV_PRODUCT_COMBINATION_Cash Street: high_MEAN,45,4
285,PREV_PRODUCT_COMBINATION_Cash Street: low_MEAN,90,4
286,PREV_PRODUCT_COMBINATION_Cash Street: middle_MEAN,17,4
287,PREV_PRODUCT_COMBINATION_Cash X-Sell: high_MEAN,107,4
288,PREV_PRODUCT_COMBINATION_Cash X-Sell: low_MEAN,118,4
289,PREV_PRODUCT_COMBINATION_Cash X-Sell: middle_MEAN,61,4
290,PREV_PRODUCT_COMBINATION_Cash_MEAN,43,4
291,PREV_PRODUCT_COMBINATION_POS household with interest_MEAN,65,4
292,PREV_PRODUCT_COMBINATION_POS industry with interest_MEAN,43,4
293,PREV_PRODUCT_COMBINATION_POS mobile with interest_MEAN,42,4
294,PREV_RATE_DOWN_PAYMENT_MAX,122,4
295,PREV_RATE_DOWN_PAYMENT_MEAN,144,4
296,PREV_WEEKDAY_APPR_PROCESS_START_FRIDAY_MEAN,103,4
297,PREV_WEEKDAY_APPR_PROCESS_START_MONDAY_MEAN,113,4
298,PREV_WEEKDAY_APPR_PROCESS_START_SATURDAY_MEAN,83,4
299,PREV_WEEKDAY_APPR_PROCESS_START_SUNDAY_MEAN,54,4
300,PREV_WEEKDAY_APPR_PROCESS_START_THURSDAY_MEAN,161,4
301,PREV_WEEKDAY_APPR_PROCESS_START_TUESDAY_MEAN,96,4
302,PREV_WEEKDAY_APPR_PROCESS_START_WEDNESDAY_MEAN,86,4
303,REFUSED_AMT_ANNUITY_MAX,57,4
304,REFUSED_AMT_ANNUITY_MEAN,83,4
305,REFUSED_AMT_APPLICATION_MAX,44,4
306,REFUSED_AMT_APPLICATION_MEAN,60,4
307,REFUSED_AMT_CREDIT_MAX,55,4
308,REFUSED_AMT_CREDIT_MEAN,39,4
309,REFUSED_AMT_GOODS_PRICE_MAX,32,4
310,REFUSED_AMT_GOODS_PRICE_MEAN,49,4
311,REFUSED_APP_CREDIT_PERC_MAX,58,4
312,REFUSED_APP_CREDIT_PERC_MEAN,88,4
313,REFUSED_CNT_PAYMENT_MEAN,61,4
314,REFUSED_CNT_PAYMENT_SUM,35,4
315,REFUSED_DAYS_DECISION_MAX,183,4
316,REFUSED_DAYS_DECISION_MEAN,136,4
317,REFUSED_HOUR_APPR_PROCESS_START_MAX,36,4
318,REFUSED_HOUR_APPR_PROCESS_START_MEAN,123,4
319,REFUSED_RATE_DOWN_PAYMENT_MAX,39,4
320,REGION_POPULATION_RELATIVE,331,4
321,REGION_RATING_CLIENT_W_CITY,119,4
322,REG_CITY_NOT_LIVE_CITY,60,4
323,TOTALAREA_MODE,130,4
324,"WALLSMATERIAL_MODE_Stone, brick",37,4
325,YEARS_BEGINEXPLUATATION_AVG,76,4
326,YEARS_BEGINEXPLUATATION_MEDI,73,4
327,YEARS_BEGINEXPLUATATION_MODE,87,4
328,YEARS_BUILD_AVG,72,4
329,YEARS_BUILD_MODE,44,4
0,ACTIVE_AMT_ANNUITY_MAX,82,5
1,ACTIVE_AMT_ANNUITY_MEAN,71,5
2,ACTIVE_AMT_CREDIT_MAX_OVERDUE_MEAN,244,5
3,ACTIVE_AMT_CREDIT_SUM_DEBT_MEAN,283,5
4,ACTIVE_AMT_CREDIT_SUM_DEBT_SUM,218,5
5,ACTIVE_AMT_CREDIT_SUM_LIMIT_MEAN,180,5
6,ACTIVE_AMT_CREDIT_SUM_LIMIT_SUM,88,5
7,ACTIVE_AMT_CREDIT_SUM_MEAN,306,5
8,ACTIVE_AMT_CREDIT_SUM_SUM,371,5
9,ACTIVE_DAYS_CREDIT_ENDDATE_MEAN,408,5
10,ACTIVE_DAYS_CREDIT_MEAN,490,5
11,ACTIVE_DAYS_CREDIT_UPDATE_MEAN,366,5
12,ACTIVE_DAYS_CREDIT_VAR,284,5
13,ACTIVE_MONTHS_BALANCE_MIN_MIN,49,5
14,ACTIVE_MONTHS_BALANCE_SIZE_MEAN,140,5
15,ACTIVE_MONTHS_BALANCE_SIZE_SUM,95,5
16,AMT_ANNUITY,565,5
17,AMT_CREDIT,226,5
18,AMT_GOODS_PRICE,309,5
19,AMT_INCOME_TOTAL,219,5
20,AMT_REQ_CREDIT_BUREAU_QRT,65,5
21,AMT_REQ_CREDIT_BUREAU_YEAR,68,5
22,APARTMENTS_AVG,53,5
23,APARTMENTS_MEDI,77,5
24,APARTMENTS_MODE,116,5
25,APPROVED_AMT_ANNUITY_MAX,148,5
26,APPROVED_AMT_ANNUITY_MEAN,237,5
27,APPROVED_AMT_APPLICATION_MAX,122,5
28,APPROVED_AMT_APPLICATION_MEAN,85,5
29,APPROVED_AMT_CREDIT_MAX,145,5
30,APPROVED_AMT_CREDIT_MEAN,79,5
31,APPROVED_AMT_DOWN_PAYMENT_MAX,188,5
32,APPROVED_AMT_DOWN_PAYMENT_MEAN,134,5
33,APPROVED_AMT_GOODS_PRICE_MAX,67,5
34,APPROVED_AMT_GOODS_PRICE_MEAN,91,5
35,APPROVED_APP_CREDIT_PERC_MAX,99,5
36,APPROVED_APP_CREDIT_PERC_MEAN,222,5
37,APPROVED_CNT_PAYMENT_MEAN,463,5
38,APPROVED_CNT_PAYMENT_SUM,216,5
39,APPROVED_DAYS_DECISION_MAX,336,5
40,APPROVED_DAYS_DECISION_MEAN,180,5
41,APPROVED_HOUR_APPR_PROCESS_START_MAX,73,5
42,APPROVED_HOUR_APPR_PROCESS_START_MEAN,223,5
43,APPROVED_RATE_DOWN_PAYMENT_MAX,116,5
44,APPROVED_RATE_DOWN_PAYMENT_MEAN,114,5
45,BASEMENTAREA_AVG,55,5
46,BASEMENTAREA_MEDI,67,5
47,BASEMENTAREA_MODE,80,5
48,BURO_AMT_ANNUITY_MAX,78,5
49,BURO_AMT_ANNUITY_MEAN,112,5
50,BURO_AMT_CREDIT_MAX_OVERDUE_MEAN,339,5
51,BURO_AMT_CREDIT_SUM_DEBT_MEAN,362,5
52,BURO_AMT_CREDIT_SUM_DEBT_SUM,255,5
53,BURO_AMT_CREDIT_SUM_LIMIT_MEAN,108,5
54,BURO_AMT_CREDIT_SUM_LIMIT_SUM,71,5
55,BURO_AMT_CREDIT_SUM_MEAN,340,5
56,BURO_AMT_CREDIT_SUM_OVERDUE_MEAN,65,5
57,BURO_AMT_CREDIT_SUM_SUM,291,5
58,BURO_CREDIT_ACTIVE_Active_MEAN,84,5
59,BURO_CREDIT_ACTIVE_Closed_MEAN,115,5
60,BURO_CREDIT_TYPE_Car loan_MEAN,70,5
61,BURO_CREDIT_TYPE_Consumer credit_MEAN,155,5
62,BURO_CREDIT_TYPE_Credit card_MEAN,152,5
63,BURO_CREDIT_TYPE_Microloan_MEAN,136,5
64,BURO_CREDIT_TYPE_Mortgage_MEAN,99,5
65,BURO_DAYS_CREDIT_ENDDATE_MEAN,293,5
66,BURO_DAYS_CREDIT_MEAN,348,5
67,BURO_DAYS_CREDIT_UPDATE_MEAN,230,5
68,BURO_DAYS_CREDIT_VAR,261,5
69,BURO_MONTHS_BALANCE_MIN_MIN,56,5
70,BURO_MONTHS_BALANCE_SIZE_MEAN,88,5
71,BURO_MONTHS_BALANCE_SIZE_SUM,125,5
72,BURO_STATUS_0_MEAN_MEAN,144,5
73,BURO_STATUS_1_MEAN_MEAN,95,5
74,BURO_STATUS_C_MEAN_MEAN,76,5
75,BURO_STATUS_X_MEAN_MEAN,103,5
76,CC_AMT_BALANCE_MAX,86,5
77,CC_AMT_BALANCE_MEAN,97,5
78,CC_AMT_CREDIT_LIMIT_ACTUAL_MEAN,89,5
79,CC_AMT_CREDIT_LIMIT_ACTUAL_SUM,79,5
80,CC_AMT_CREDIT_LIMIT_ACTUAL_VAR,77,5
81,CC_AMT_DRAWINGS_ATM_CURRENT_MAX,71,5
82,CC_AMT_DRAWINGS_ATM_CURRENT_MEAN,74,5
83,CC_AMT_DRAWINGS_ATM_CURRENT_SUM,70,5
84,CC_AMT_DRAWINGS_ATM_CURRENT_VAR,66,5
85,CC_AMT_DRAWINGS_CURRENT_MAX,33,5
86,CC_AMT_DRAWINGS_CURRENT_SUM,59,5
87,CC_AMT_DRAWINGS_POS_CURRENT_SUM,56,5
88,CC_AMT_DRAWINGS_POS_CURRENT_VAR,81,5
89,CC_AMT_INST_MIN_REGULARITY_SUM,85,5
90,CC_AMT_INST_MIN_REGULARITY_VAR,84,5
91,CC_AMT_PAYMENT_CURRENT_MAX,90,5
92,CC_AMT_PAYMENT_CURRENT_MEAN,142,5
93,CC_AMT_PAYMENT_CURRENT_SUM,101,5
94,CC_AMT_PAYMENT_CURRENT_VAR,107,5
95,CC_AMT_PAYMENT_TOTAL_CURRENT_MEAN,86,5
96,CC_AMT_PAYMENT_TOTAL_CURRENT_SUM,38,5
97,CC_AMT_PAYMENT_TOTAL_CURRENT_VAR,37,5
98,CC_AMT_RECEIVABLE_PRINCIPAL_MEAN,86,5
99,CC_CNT_DRAWINGS_ATM_CURRENT_MEAN,176,5
100,CC_CNT_DRAWINGS_ATM_CURRENT_SUM,49,5
101,CC_CNT_DRAWINGS_ATM_CURRENT_VAR,97,5
102,CC_CNT_DRAWINGS_CURRENT_MAX,73,5
103,CC_CNT_DRAWINGS_CURRENT_MEAN,153,5
104,CC_CNT_DRAWINGS_CURRENT_SUM,39,5
105,CC_CNT_DRAWINGS_CURRENT_VAR,99,5
106,CC_CNT_DRAWINGS_POS_CURRENT_MAX,40,5
107,CC_CNT_DRAWINGS_POS_CURRENT_MEAN,47,5
108,CC_SK_DPD_DEF_MEAN,39,5
109,CLOSED_AMT_ANNUITY_MAX,64,5
110,CLOSED_AMT_ANNUITY_MEAN,68,5
111,CLOSED_AMT_CREDIT_MAX_OVERDUE_MEAN,189,5
112,CLOSED_AMT_CREDIT_SUM_DEBT_MEAN,67,5
113,CLOSED_AMT_CREDIT_SUM_MEAN,357,5
114,CLOSED_AMT_CREDIT_SUM_SUM,323,5
115,CLOSED_DAYS_CREDIT_ENDDATE_MEAN,246,5
116,CLOSED_DAYS_CREDIT_MEAN,274,5
117,CLOSED_DAYS_CREDIT_UPDATE_MEAN,262,5
118,CLOSED_DAYS_CREDIT_VAR,343,5
119,CLOSED_MONTHS_BALANCE_MIN_MIN,44,5
120,CLOSED_MONTHS_BALANCE_SIZE_MEAN,93,5
121,CLOSED_MONTHS_BALANCE_SIZE_SUM,90,5
122,CODE_GENDER,213,5
123,COMMONAREA_AVG,50,5
124,COMMONAREA_MEDI,37,5
125,COMMONAREA_MODE,66,5
126,DAYS_BIRTH,842,5
127,DAYS_EMPLOYED,539,5
128,DAYS_ID_PUBLISH,514,5
129,DAYS_LAST_PHONE_CHANGE,166,5
130,DAYS_REGISTRATION,480,5
131,DEF_30_CNT_SOCIAL_CIRCLE,85,5
132,DEF_60_CNT_SOCIAL_CIRCLE,40,5
133,EXT_SOURCE_1,568,5
134,EXT_SOURCE_2,664,5
135,EXT_SOURCE_3,713,5
136,FLAG_DOCUMENT_3,55,5
137,FLAG_PHONE,33,5
138,FLAG_WORK_PHONE,92,5
139,HOUR_APPR_PROCESS_START,147,5
140,INSTAL_AMT_INSTALMENT_MAX,185,5
141,INSTAL_AMT_INSTALMENT_MEAN,153,5
142,INSTAL_AMT_INSTALMENT_MIN,314,5
143,INSTAL_AMT_INSTALMENT_STD,203,5
144,INSTAL_AMT_INSTALMENT_SUM,177,5
145,INSTAL_AMT_PAYMENT_MAX,134,5
146,INSTAL_AMT_PAYMENT_MEAN,198,5
147,INSTAL_AMT_PAYMENT_MIN,207,5
148,INSTAL_AMT_PAYMENT_STD,134,5
149,INSTAL_AMT_PAYMENT_SUM,383,5
150,INSTAL_COUNT,163,5
151,INSTAL_DAYS_ENTRY_PAYMENT_MAX,451,5
152,INSTAL_DAYS_ENTRY_PAYMENT_MEAN,245,5
153,INSTAL_DAYS_ENTRY_PAYMENT_STD,359,5
154,INSTAL_DAYS_ENTRY_PAYMENT_SUM,201,5
155,INSTAL_DBD_MAX,232,5
156,INSTAL_DBD_MEAN,272,5
157,INSTAL_DBD_MIN,97,5
158,INSTAL_DBD_STD,385,5
159,INSTAL_DBD_SUM,389,5
160,INSTAL_DPD_MAX,100,5
161,INSTAL_DPD_MEAN,316,5
162,INSTAL_DPD_STD,216,5
163,INSTAL_DPD_SUM,101,5
164,INSTAL_NUM_INSTALMENT_VERSION_NUNIQUE,77,5
165,INSTAL_PAYMENT_DIFF_MAX,233,5
166,INSTAL_PAYMENT_DIFF_MEAN,201,5
167,INSTAL_PAYMENT_DIFF_STD,112,5
168,INSTAL_PAYMENT_PERC_MEAN,214,5
169,INSTAL_PAYMENT_PERC_MIN,140,5
170,INSTAL_PAYMENT_PERC_STD,166,5
171,LANDAREA_AVG,88,5
172,LANDAREA_MEDI,62,5
173,LANDAREA_MODE,101,5
174,LIVINGAPARTMENTS_AVG,102,5
175,LIVINGAPARTMENTS_MODE,64,5
176,LIVINGAREA_AVG,68,5
177,LIVINGAREA_MEDI,59,5
178,LIVINGAREA_MODE,84,5
179,NAME_EDUCATION_TYPE_Higher education,64,5
180,NAME_EDUCATION_TYPE_Secondary / secondary special,68,5
181,NAME_FAMILY_STATUS_Married,169,5
182,NEW_ANNUITY_TO_INCOME_RATIO,437,5
183,NEW_CAR_TO_BIRTH_RATIO,251,5
184,NEW_CAR_TO_EMPLOY_RATIO,254,5
185,NEW_CREDIT_TO_ANNUITY_RATIO,1124,5
186,NEW_CREDIT_TO_GOODS_RATIO,485,5
187,NEW_CREDIT_TO_INCOME_RATIO,314,5
188,NEW_DOC_IND_KURT,121,5
189,NEW_EMPLOY_TO_BIRTH_RATIO,428,5
190,NEW_EXT_SOURCES_MEAN,835,5
191,NEW_INC_BY_ORG,107,5
192,NEW_INC_PER_CHLD,189,5
193,NEW_PHONE_TO_BIRTH_RATIO,247,5
194,NEW_PHONE_TO_BIRTH_RATIO_EMPLOYER,327,5
195,NEW_SCORES_STD,310,5
196,NEW_SOURCES_PROD,330,5
197,NONLIVINGAPARTMENTS_AVG,37,5
198,NONLIVINGAREA_AVG,61,5
199,NONLIVINGAREA_MEDI,52,5
200,NONLIVINGAREA_MODE,80,5
201,OBS_30_CNT_SOCIAL_CIRCLE,91,5
202,OBS_60_CNT_SOCIAL_CIRCLE,65,5
203,ORGANIZATION_TYPE_Business Entity Type 3,62,5
204,ORGANIZATION_TYPE_Construction,53,5
205,ORGANIZATION_TYPE_Self-employed,67,5
206,OWN_CAR_AGE,196,5
207,POS_COUNT,297,5
208,POS_MONTHS_BALANCE_MAX,174,5
209,POS_MONTHS_BALANCE_MEAN,232,5
210,POS_NAME_CONTRACT_STATUS_Active_MEAN,271,5
211,POS_NAME_CONTRACT_STATUS_Completed_MEAN,235,5
212,POS_NAME_CONTRACT_STATUS_Signed_MEAN,76,5
213,POS_SK_DPD_DEF_MAX,66,5
214,POS_SK_DPD_DEF_MEAN,172,5
215,POS_SK_DPD_MAX,27,5
216,POS_SK_DPD_MEAN,106,5
217,PREV_AMT_ANNUITY_MAX,146,5
218,PREV_AMT_ANNUITY_MEAN,290,5
219,PREV_AMT_APPLICATION_MAX,82,5
220,PREV_AMT_APPLICATION_MEAN,91,5
221,PREV_AMT_CREDIT_MAX,103,5
222,PREV_AMT_CREDIT_MEAN,110,5
223,PREV_AMT_DOWN_PAYMENT_MAX,164,5
224,PREV_AMT_DOWN_PAYMENT_MEAN,184,5
225,PREV_AMT_GOODS_PRICE_MAX,52,5
226,PREV_AMT_GOODS_PRICE_MEAN,77,5
227,PREV_APP_CREDIT_PERC_MAX,151,5
228,PREV_APP_CREDIT_PERC_MEAN,264,5
229,PREV_CHANNEL_TYPE_AP+ (Cash loan)_MEAN,79,5
230,PREV_CHANNEL_TYPE_Channel of corporate sales_MEAN,64,5
231,PREV_CHANNEL_TYPE_Contact center_MEAN,80,5
232,PREV_CHANNEL_TYPE_Country-wide_MEAN,104,5
233,PREV_CHANNEL_TYPE_Credit and cash offices_MEAN,112,5
234,PREV_CHANNEL_TYPE_Regional / Local_MEAN,25,5
235,PREV_CHANNEL_TYPE_Stone_MEAN,81,5
236,PREV_CNT_PAYMENT_MEAN,390,5
237,PREV_CNT_PAYMENT_SUM,124,5
238,PREV_CODE_REJECT_REASON_HC_MEAN,49,5
239,PREV_CODE_REJECT_REASON_LIMIT_MEAN,38,5
240,PREV_CODE_REJECT_REASON_SCO_MEAN,92,5
241,PREV_CODE_REJECT_REASON_XAP_MEAN,85,5
242,PREV_DAYS_DECISION_MAX,263,5
243,PREV_DAYS_DECISION_MEAN,172,5
244,PREV_HOUR_APPR_PROCESS_START_MAX,99,5
245,PREV_HOUR_APPR_PROCESS_START_MEAN,189,5
246,PREV_NAME_CASH_LOAN_PURPOSE_XAP_MEAN,41,5
247,PREV_NAME_CASH_LOAN_PURPOSE_XNA_MEAN,92,5
248,PREV_NAME_CLIENT_TYPE_New_MEAN,107,5
249,PREV_NAME_CLIENT_TYPE_Refreshed_MEAN,90,5
250,PREV_NAME_CLIENT_TYPE_Repeater_MEAN,90,5
251,PREV_NAME_CONTRACT_STATUS_Approved_MEAN,115,5
252,PREV_NAME_CONTRACT_STATUS_Canceled_MEAN,100,5
253,PREV_NAME_CONTRACT_STATUS_Refused_MEAN,191,5
254,PREV_NAME_CONTRACT_TYPE_Revolving loans_MEAN,57,5
255,PREV_NAME_GOODS_CATEGORY_Audio/Video_MEAN,69,5
256,PREV_NAME_GOODS_CATEGORY_Computers_MEAN,73,5
257,PREV_NAME_GOODS_CATEGORY_Consumer Electronics_MEAN,82,5
258,PREV_NAME_GOODS_CATEGORY_Furniture_MEAN,39,5
259,PREV_NAME_GOODS_CATEGORY_Mobile_MEAN,68,5
260,PREV_NAME_GOODS_CATEGORY_XNA_MEAN,45,5
261,PREV_NAME_PAYMENT_TYPE_Cash through the bank_MEAN,78,5
262,PREV_NAME_PAYMENT_TYPE_XNA_MEAN,98,5
263,PREV_NAME_PORTFOLIO_Cards_MEAN,50,5
264,PREV_NAME_PORTFOLIO_Cash_MEAN,58,5
265,PREV_NAME_PORTFOLIO_POS_MEAN,73,5
266,PREV_NAME_PORTFOLIO_XNA_MEAN,76,5
267,PREV_NAME_PRODUCT_TYPE_XNA_MEAN,67,5
268,PREV_NAME_PRODUCT_TYPE_walk-in_MEAN,77,5
269,PREV_NAME_PRODUCT_TYPE_x-sell_MEAN,90,5
270,PREV_NAME_SELLER_INDUSTRY_Connectivity_MEAN,148,5
271,PREV_NAME_SELLER_INDUSTRY_Consumer electronics_MEAN,92,5
272,PREV_NAME_SELLER_INDUSTRY_XNA_MEAN,47,5
273,PREV_NAME_TYPE_SUITE_Family_MEAN,95,5
274,"PREV_NAME_TYPE_SUITE_Spouse, partner_MEAN",39,5
275,PREV_NAME_TYPE_SUITE_Unaccompanied_MEAN,190,5
276,PREV_NAME_TYPE_SUITE_nan_MEAN,167,5
277,PREV_NAME_YIELD_GROUP_XNA_MEAN,84,5
278,PREV_NAME_YIELD_GROUP_high_MEAN,212,5
279,PREV_NAME_YIELD_GROUP_low_action_MEAN,124,5
280,PREV_NAME_YIELD_GROUP_low_normal_MEAN,138,5
281,PREV_NAME_YIELD_GROUP_middle_MEAN,161,5
282,PREV_PRODUCT_COMBINATION_Card Street_MEAN,48,5
283,PREV_PRODUCT_COMBINATION_Card X-Sell_MEAN,53,5
284,PREV_PRODUCT_COMBINATION_Cash Street: high_MEAN,51,5
285,PREV_PRODUCT_COMBINATION_Cash Street: low_MEAN,105,5
286,PREV_PRODUCT_COMBINATION_Cash Street: middle_MEAN,15,5
287,PREV_PRODUCT_COMBINATION_Cash X-Sell: high_MEAN,97,5
288,PREV_PRODUCT_COMBINATION_Cash X-Sell: low_MEAN,136,5
289,PREV_PRODUCT_COMBINATION_Cash X-Sell: middle_MEAN,54,5
290,PREV_PRODUCT_COMBINATION_Cash_MEAN,64,5
291,PREV_PRODUCT_COMBINATION_POS household with interest_MEAN,96,5
292,PREV_PRODUCT_COMBINATION_POS industry with interest_MEAN,89,5
293,PREV_PRODUCT_COMBINATION_POS mobile with interest_MEAN,55,5
294,PREV_RATE_DOWN_PAYMENT_MAX,134,5
295,PREV_RATE_DOWN_PAYMENT_MEAN,169,5
296,PREV_WEEKDAY_APPR_PROCESS_START_FRIDAY_MEAN,131,5
297,PREV_WEEKDAY_APPR_PROCESS_START_MONDAY_MEAN,144,5
298,PREV_WEEKDAY_APPR_PROCESS_START_SATURDAY_MEAN,110,5
299,PREV_WEEKDAY_APPR_PROCESS_START_SUNDAY_MEAN,55,5
300,PREV_WEEKDAY_APPR_PROCESS_START_THURSDAY_MEAN,103,5
301,PREV_WEEKDAY_APPR_PROCESS_START_TUESDAY_MEAN,94,5
302,PREV_WEEKDAY_APPR_PROCESS_START_WEDNESDAY_MEAN,90,5
303,REFUSED_AMT_ANNUITY_MAX,82,5
304,REFUSED_AMT_ANNUITY_MEAN,97,5
305,REFUSED_AMT_APPLICATION_MAX,49,5
306,REFUSED_AMT_APPLICATION_MEAN,52,5
307,REFUSED_AMT_CREDIT_MAX,91,5
308,REFUSED_AMT_CREDIT_MEAN,69,5
309,REFUSED_AMT_GOODS_PRICE_MAX,23,5
310,REFUSED_AMT_GOODS_PRICE_MEAN,81,5
311,REFUSED_APP_CREDIT_PERC_MAX,85,5
312,REFUSED_APP_CREDIT_PERC_MEAN,91,5
313,REFUSED_CNT_PAYMENT_MEAN,106,5
314,REFUSED_CNT_PAYMENT_SUM,98,5
315,REFUSED_DAYS_DECISION_MAX,190,5
316,REFUSED_DAYS_DECISION_MEAN,150,5
317,REFUSED_HOUR_APPR_PROCESS_START_MAX,47,5
318,REFUSED_HOUR_APPR_PROCESS_START_MEAN,144,5
319,REFUSED_RATE_DOWN_PAYMENT_MAX,67,5
320,REGION_POPULATION_RELATIVE,353,5
321,REGION_RATING_CLIENT_W_CITY,113,5
322,REG_CITY_NOT_LIVE_CITY,64,5
323,TOTALAREA_MODE,204,5
324,"WALLSMATERIAL_MODE_Stone, brick",59,5
325,YEARS_BEGINEXPLUATATION_AVG,65,5
326,YEARS_BEGINEXPLUATATION_MEDI,89,5
327,YEARS_BEGINEXPLUATATION_MODE,88,5
328,YEARS_BUILD_AVG,34,5
329,YEARS_BUILD_MODE,49,5
